,Id,MSSubClass,LotFrontage,LotArea,LotConfig,Neighborhood,BldgType,HouseStyle,OverallQual,OverallCond,YearBuilt,RoofStyle,TotalBsmtSF,GrLivArea,BedroomAbvGr,TotRmsAbvGrd,GarageArea
0,1461,20.0,80,11622,4,12,0,2,5,6,1961,1,882.0,896,2,5,730.0
1,1462,20.0,60,14267,0,12,0,2,6,6,1958,3,1329.0,1329,3,6,312.0
2,1463,60.0,74,13830,4,8,0,4,6,5,1997,1,928.0,1629,3,6,482.0
3,1464,60.0,78,9978,4,8,0,1,6,6,1998,1,926.0,1604,3,7,470.0
4,1465,120.0,43,5005,4,22,4,2,8,5,1992,1,1280.0,1280,2,5,506.0
5,1466,60.0,75,10000,0,8,0,4,6,5,1993,1,763.0,1655,3,7,440.0
6,1467,20.0,60,7980,4,8,0,2,6,7,1992,1,1168.0,1187,3,6,420.0
7,1468,60.0,63,8402,4,8,0,4,6,5,1998,1,789.0,1465,3,7,393.0
8,1469,20.0,85,10176,4,8,0,2,7,5,1990,1,1300.0,1341,2,5,506.0
9,1470,20.0,70,8400,0,12,0,2,4,5,1970,1,882.0,882,2,4,525.0
10,1471,120.0,26,5858,2,12,4,2,7,5,1999,1,1405.0,1337,2,5,511.0
11,1472,160.0,21,1680,4,2,3,4,6,5,1971,1,483.0,987,2,5,264.0
12,1472,160.0,21,1680,4,2,3,4,5,5,1971,1,525.0,1092,3,6,320.0
13,1474,160.0,24,2280,2,13,3,4,6,6,1975,1,855.0,1456,3,6,440.0
14,1475,120.0,24,2280,2,13,3,2,7,6,1975,1,836.0,836,2,4,308.0
15,1476,60.0,102,12858,4,16,0,4,9,5,2009,1,1590.0,2334,3,10,751.0
16,1477,20.0,94,12883,0,16,0,2,8,5,2009,1,1544.0,1544,3,7,868.0
17,1478,20.0,90,11520,4,16,0,2,9,5,2005,3,1698.0,1698,3,7,730.0
18,1479,20.0,79,14122,4,16,0,2,8,5,2005,3,1822.0,1822,3,8,678.0
19,1480,20.0,110,14300,4,16,0,2,9,5,2030,3,2846.0,2696,3,10,958.0
20,1481,60.0,105,13650,0,16,0,4,6,5,2002,1,1671.0,2250,3,7,756.0
21,1482,120.0,41,7132,4,16,4,2,8,5,2006,1,1370.0,1370,2,6,484.0
22,1483,20.0,100,18494,0,8,0,2,6,5,2005,1,1324.0,1324,3,6,430.0
23,1484,120.0,43,3203,4,0,4,2,7,5,2006,1,1145.0,1145,2,6,437.0
24,1485,80.0,67,13300,4,8,0,6,6,5,2004,1,384.0,1374,3,7,400.0
25,1486,60.0,63,8577,4,8,0,4,7,5,2004,1,847.0,1733,3,7,433.0
26,1487,60.0,60,17433,1,15,0,4,8,5,1998,3,1629.0,2475,4,7,962.0
27,1488,20.0,73,8987,4,21,0,2,8,5,2005,1,1595.0,1595,2,6,880.0
28,1489,20.0,92,9215,4,21,0,2,7,5,2009,3,1218.0,1218,2,4,676.0
29,1490,20.0,84,10440,0,21,0,2,6,5,2005,1,1468.0,1468,2,6,528.0
30,1491,20.0,70,11920,4,20,0,4,7,5,2004,1,831.0,1659,3,8,484.0
31,1492,30.0,70,9800,0,20,0,2,5,5,2120,1,816.0,1012,2,5,429.0
32,1493,20.0,39,15410,1,19,0,2,6,6,1974,3,1208.0,1494,3,7,461.0
33,1494,60.0,85,13143,4,15,0,4,8,5,1993,1,1231.0,2349,3,9,762.0
34,1495,60.0,88,11134,4,15,0,4,8,5,1992,1,1390.0,2225,4,7,713.0
35,1496,120.0,25,4835,1,21,4,1,7,5,2004,1,1488.0,1488,2,6,506.0
36,1497,160.0,39,3515,4,21,4,4,7,5,2004,1,840.0,1680,2,3,588.0
37,1498,160.0,30,3215,4,21,4,4,7,5,2004,1,600.0,1200,2,4,480.0
38,1499,160.0,24,2544,4,21,3,4,7,5,2004,1,600.0,1200,2,4,480.0
39,1500,160.0,24,2544,4,21,3,4,6,5,2005,1,600.0,1236,2,4,480.0
40,1501,160.0,60,2980,0,21,4,4,6,5,2000,1,756.0,1512,2,5,440.0
41,1502,160.0,60,2403,2,21,4,4,7,5,2003,1,530.0,1080,2,4,496.0
42,1503,20.0,57,12853,4,21,0,1,8,5,2010,1,1642.0,1418,1,6,852.0
43,1504,60.0,68,7379,4,21,0,4,8,5,2000,1,975.0,1848,3,7,592.0
44,1505,20.0,80,8000,4,21,0,2,7,5,2002,1,1492.0,1492,3,6,596.0
45,1506,20.0,60,10456,4,14,0,2,6,6,1967,3,1829.0,1829,4,8,535.0
46,1507,60.0,80,10791,4,14,0,4,6,5,1993,1,1280.0,2495,4,9,660.0
47,1508,50.0,60,18837,4,14,0,1,6,5,1978,1,1224.0,1891,3,7,678.0
48,1509,60.0,80,9600,4,14,0,4,6,6,1971,1,715.0,1645,4,7,441.0
49,1510,20.0,80,9600,4,12,0,2,5,5,1966,3,1232.0,1232,3,6,490.0
50,1511,20.0,90,9900,0,12,0,2,5,5,1966,3,1209.0,1209,3,6,504.0
51,1511,20.0,88,9680,4,12,0,2,5,6,1967,1,1510.0,1510,3,6,517.0
52,1513,80.0,60,10600,4,12,0,6,6,5,1964,1,533.0,1775,3,8,480.0
53,1514,90.0,98,13260,4,12,2,2,5,6,1962,3,1728.0,1728,6,10,0.0
54,1515,50.0,68,9724,4,12,0,0,5,7,1952,1,1140.0,2461,3,7,400.0
55,1516,50.0,120,17360,0,12,0,0,6,6,1949,1,782.0,1556,3,6,470.0
56,1517,85.0,75,11380,4,12,0,5,6,8,1966,1,1080.0,1128,2,5,315.0
57,1518,90.0,70,8267,0,12,2,2,5,5,1958,1,1604.0,1604,4,8,576.0
58,1519,20.0,70,8197,4,12,0,2,7,5,2003,1,1480.0,1480,3,7,620.0
59,1520,20.0,60,8050,4,12,0,2,5,5,1959,3,1143.0,1143,3,6,308.0
60,1521,20.0,87,10725,4,12,0,2,5,5,1959,3,1206.0,1206,3,6,312.0
61,1522,20.0,80,10032,4,12,0,2,6,5,1959,1,1244.0,1580,3,6,440.0
62,1523,50.0,60,8382,4,12,0,0,4,5,1956,1,832.0,1337,3,5,263.0
63,1524,20.0,60,10950,4,12,0,2,5,7,1952,1,864.0,1064,2,4,318.0
64,1525,20.0,119,10895,0,12,0,2,5,6,1955,1,972.0,972,3,5,305.0
65,1526,190.0,70,13587,4,12,1,2,5,5,1958,1,988.0,988,2,5,264.0
66,1527,30.0,65,7898,0,12,0,2,4,7,1920,1,576.0,985,2,4,676.0
67,1528,50.0,60,8064,4,12,0,0,6,8,1948,1,816.0,1224,3,5,280.0
68,1529,20.0,81,7635,0,12,0,2,5,6,1960,1,1175.0,1175,3,6,484.0
69,1530,20.0,80,9760,4,12,0,2,6,7,1963,3,1395.0,1395,2,7,440.0
70,1531,50.0,60,4800,0,17,0,0,4,5,1900,3,709.0,1844,3,9,240.0
71,1532,30.0,56,4485,4,17,0,2,5,7,1920,1,936.0,936,2,5,0.0
72,1533,20.0,69,5805,4,17,0,2,5,7,1957,3,1347.0,1347,3,6,551.0
73,1534,45.0,50,6900,0,17,0,0,6,7,1938,1,827.0,1251,3,6,240.0
74,1535,50.0,69,11851,4,17,0,0,5,7,1948,1,1027.0,1633,3,7,240.0
75,1536,50.0,60,8239,4,17,0,0,5,6,1920,1,1008.0,1245,3,6,315.0
76,1537,30.0,68,9656,4,17,0,2,2,2,1923,1,678.0,832,2,5,780.0
77,1538,70.0,60,9600,0,17,0,4,8,9,1900,1,930.0,1566,3,7,288.0
78,1539,70.0,50,9000,4,17,0,4,8,9,1890,1,346.0,2268,3,7,624.0
79,1540,190.0,100,9045,4,17,1,4,5,3,1910,1,840.0,2256,4,12,0.0
80,1541,70.0,60,10560,4,17,0,4,6,7,1922,1,738.0,1470,2,6,624.0
81,1542,50.0,53,5830,0,3,0,0,5,6,1950,1,988.0,1612,3,7,363.0
82,1543,75.0,60,7793,0,3,0,3,7,7,1922,1,1108.0,2068,3,8,315.0
83,1544,30.0,50,5000,4,3,0,2,4,7,1925,1,765.0,765,2,4,200.0
84,1545,50.0,50,6000,4,3,0,0,6,7,1939,1,608.0,1132,2,5,240.0
85,1546,50.0,50,6000,4,3,0,0,6,6,1940,1,572.0,1196,3,6,576.0
86,1547,50.0,53,6360,0,3,0,0,5,6,1942,1,835.0,1453,3,7,240.0
87,1548,50.0,50,6000,4,3,0,0,6,7,1948,1,780.0,1416,3,6,312.0
88,1549,50.0,52,6240,4,3,0,0,5,7,1936,1,528.0,1040,2,5,624.0
89,1550,50.0,52,6240,4,3,0,0,5,5,1930,1,928.0,1536,4,7,480.0
90,1551,30.0,51,6120,4,17,0,2,6,5,1923,1,1124.0,1068,2,5,288.0
91,1552,50.0,57,8094,4,17,0,0,4,5,1915,1,888.0,1962,4,9,572.0
92,1553,70.0,60,12900,4,17,0,4,6,8,1912,1,780.0,1560,3,7,0.0
93,1554,70.0,52,3068,4,17,0,4,6,8,1920,1,662.0,1324,3,6,180.0
94,1555,20.0,100,15263,4,4,0,2,5,5,1959,1,1422.0,1675,3,8,365.0
95,1556,50.0,72,10632,4,4,0,0,5,3,1917,1,689.0,1224,3,6,180.0
96,1557,190.0,60,9900,4,18,1,0,5,4,1915,1,1212.0,1392,3,6,0.0
97,1558,50.0,65,6001,4,18,0,0,6,5,1940,1,600.0,919,3,5,231.0
98,1559,70.0,60,6449,4,18,0,4,4,1,1907,2,707.0,1884,4,7,0.0
99,1560,590.0,60,6048,0,18,1,0,5,7,1910,1,856.0,1680,2,7,450.0
100,1561,90.0,72,10773,4,19,2,2,4,3,1967,1,1832.0,1832,4,8,0.0
101,1562,20.0,65,7800,4,19,0,2,5,7,1966,3,864.0,892,3,5,416.0
102,1563,20.0,65,7832,4,19,0,2,5,5,1968,3,864.0,864,2,4,280.0
103,1564,90.0,60,7424,4,19,2,5,5,5,1978,1,1319.0,1373,3,5,591.0
104,1565,60.0,86,11227,4,19,0,4,5,5,1968,1,720.0,1440,4,7,480.0
105,1566,20.0,60,20062,4,4,0,2,7,7,1977,3,1420.0,1483,1,4,690.0
106,1567,30.0,94,9259,0,19,0,2,4,4,1927,1,660.0,756,2,4,440.0
107,1568,60.0,60,17082,1,4,0,4,6,5,1978,1,1117.0,1981,4,8,522.0
108,1569,50.0,124,18600,4,7,0,0,3,4,1938,1,972.0,1610,4,8,480.0
109,1570,20.0,65,11479,4,7,0,2,6,7,1950,1,663.0,1074,3,6,467.0
110,1571,50.0,50,9350,4,7,0,0,4,6,1947,1,756.0,1531,3,8,209.0
111,1572,20.0,75,9525,4,7,0,2,5,7,1954,1,1172.0,1172,3,5,366.0
112,1573,20.0,44,17485,4,7,0,2,7,5,2009,1,1508.0,1508,1,5,572.0
113,1574,20.0,60,11200,1,7,0,2,5,3,1964,1,1250.0,1298,3,5,504.0
114,1575,20.0,83,11980,4,20,0,2,7,5,1987,1,1433.0,1433,1,4,528.0
115,1576,60.0,87,12361,1,20,0,4,6,7,1993,1,946.0,1802,3,8,1017.0
116,1577,20.0,64,7360,4,5,0,2,7,5,2010,1,1222.0,1222,2,6,615.0
117,1578,50.0,82,14235,4,20,0,0,6,8,1900,1,676.0,1445,3,6,484.0
118,1579,85.0,82,11105,0,5,0,5,5,5,1996,1,870.0,965,2,4,580.0
119,1580,60.0,60,9337,4,5,0,4,7,5,1997,1,878.0,1692,3,8,513.0
120,1581,20.0,38,15240,2,5,0,2,5,8,1977,1,1026.0,1026,3,5,308.0
121,1582,20.0,68,7480,4,5,0,2,5,6,1972,1,876.0,876,3,5,484.0
122,1583,20.0,80,10389,4,5,0,2,8,5,2003,3,1978.0,1978,3,8,850.0
123,1584,60.0,75,9375,4,5,0,4,7,5,1997,1,1040.0,2098,4,9,621.0
124,1585,120.0,60,4435,4,5,4,2,6,5,2003,1,848.0,848,1,4,420.0
125,1586,30.0,67,8777,4,7,0,2,3,6,1945,1,0.0,640,2,5,240.0
126,1587,20.0,68,8842,0,7,0,2,5,6,1954,1,381.0,992,3,6,319.0
127,1588,20.0,60,10044,1,7,0,2,5,6,1968,1,1196.0,1196,3,6,336.0
128,1589,50.0,89,11792,4,7,0,0,4,5,1948,1,744.0,1120,2,5,480.0
129,1590,80.0,65,6305,4,7,0,6,6,6,1975,1,1008.0,1096,3,5,352.0
130,1591,20.0,64,6410,4,7,0,2,4,5,1958,3,960.0,960,3,5,0.0
131,1592,30.0,67,4853,4,18,0,2,5,6,1924,1,1107.0,1296,2,5,260.0
132,1593,30.0,60,7890,0,18,0,2,6,6,1939,1,856.0,856,2,4,399.0
133,1594,90.0,60,7200,4,18,2,4,4,6,1967,0,0.0,2650,6,10,0.0
134,1595,50.0,51,9839,4,18,0,0,5,2,1931,1,894.0,1666,3,7,0.0
135,1596,50.0,78,10452,4,6,0,0,7,6,1941,1,1528.0,2133,4,8,312.0
136,1597,90.0,78,15600,4,6,2,4,5,6,1950,1,1032.0,2177,5,11,484.0
137,1598,80.0,85,19645,2,6,0,6,7,6,1994,1,423.0,1652,3,6,473.0
138,1599,120.0,35,3907,4,1,4,2,8,6,1989,1,982.0,1034,1,4,598.0
139,1600,620.0,35,3907,4,1,4,2,8,5,1989,1,1191.0,1191,2,5,531.0
140,1601,30.0,58,8154,4,9,0,2,2,5,1941,1,480.0,540,1,4,200.0
141,1602,50.0,50,9140,4,9,0,0,6,5,1921,1,629.0,1107,2,5,625.0
142,1603,30.0,66,8712,0,9,0,2,4,7,1896,3,756.0,952,3,5,330.0
143,1604,120.0,44,3811,0,6,4,2,8,5,2004,3,1594.0,1646,2,5,525.0
144,1605,60.0,85,11050,4,11,0,4,8,5,1998,1,1049.0,1916,3,8,741.0
145,1606,80.0,74,9620,4,11,0,6,6,7,1977,1,1243.0,1285,3,6,473.0
146,1607,90.0,60,12760,4,11,2,2,6,5,1976,1,1958.0,2048,5,9,776.0
147,1608,20.0,88,11896,0,23,0,2,7,5,2008,1,1336.0,1346,3,6,660.0
148,1609,20.0,73,9803,4,23,0,2,7,5,2009,1,1214.0,1214,2,6,520.0
149,1610,60.0,73,9802,4,23,0,4,5,5,2006,1,384.0,1444,3,7,400.0
150,1611,20.0,85,15300,4,11,0,2,5,5,1965,3,1068.0,1264,2,7,528.0
151,1612,20.0,93,10114,4,11,0,2,5,5,2004,1,1430.0,1430,3,7,624.0
152,1613,20.0,60,11875,4,11,0,2,5,5,1999,1,1344.0,1344,3,7,686.0
153,1614,120.0,31,2394,4,10,3,2,5,6,1973,1,945.0,945,2,5,253.0
154,1615,160.0,21,1476,4,10,3,4,4,7,1970,1,546.0,1092,3,5,0.0
155,1616,160.0,21,1900,4,10,4,4,4,4,1970,1,546.0,1092,3,5,0.0
156,1617,160.0,21,1890,4,10,4,4,4,6,1972,1,546.0,1092,3,5,286.0
157,1618,20.0,50,6953,4,11,0,2,5,7,1971,1,864.0,874,3,5,352.0
158,1619,20.0,76,12887,4,11,0,2,5,7,1984,1,833.0,833,2,5,495.0
159,1620,90.0,70,7700,4,11,2,4,5,2,1985,1,1216.0,2432,4,10,616.0
160,1621,60.0,63,10475,4,11,0,4,5,5,1991,1,624.0,1274,3,6,576.0
161,1622,50.0,68,10544,4,11,0,0,5,5,1969,1,864.0,1479,5,8,275.0
162,1623,20.0,76,9892,4,11,0,2,8,5,1994,3,1679.0,1803,3,6,482.0
163,1624,60.0,74,12961,4,11,0,4,6,5,1993,1,1152.0,1797,3,7,616.0
164,1625,20.0,74,13008,4,12,0,2,6,5,1956,1,882.0,882,2,5,502.0
165,1626,20.0,85,10200,4,12,0,2,6,5,1974,3,1434.0,1434,4,7,528.0
166,1627,60.0,88,10179,0,8,0,4,6,5,1997,1,945.0,1608,3,7,470.0
167,1628,60.0,60,11792,4,8,0,4,8,5,2003,1,1008.0,2283,4,9,632.0
168,1629,80.0,60,8400,4,8,0,6,7,5,1996,1,384.0,1628,3,7,390.0
169,1630,120.0,28,7296,1,22,4,2,8,5,2004,1,2208.0,2522,1,8,564.0
170,1631,120.0,61,7380,0,22,0,2,8,5,1998,1,1418.0,1478,2,5,495.0
171,1632,120.0,57,8013,0,22,4,2,8,5,1995,1,1587.0,1734,2,6,528.0
172,1633,80.0,57,8923,4,8,0,6,7,5,1998,1,384.0,1382,3,7,396.0
173,1634,60.0,60,7500,4,8,0,4,6,5,1998,1,952.0,1636,3,7,440.0
174,1635,60.0,60,8803,4,8,0,4,6,5,1994,1,707.0,1516,3,7,409.0
175,1636,20.0,58,7250,4,8,0,2,6,5,1993,1,1181.0,1190,3,6,430.0
176,1637,60.0,85,11900,4,8,0,4,5,6,1977,1,1122.0,1934,3,6,567.0
177,1638,60.0,60,13250,4,14,0,4,7,6,1978,1,832.0,2050,4,8,529.0
178,1639,20.0,80,10928,4,14,0,2,6,6,1978,1,1427.0,1671,3,7,484.0
179,1640,60.0,60,12388,4,14,0,4,7,7,1980,1,1043.0,2673,4,9,441.0
180,1641,20.0,80,11088,4,14,0,2,6,5,1978,1,1140.0,1707,3,7,479.0
181,1642,60.0,70,7000,4,21,0,4,7,5,2003,1,926.0,1884,3,7,581.0
182,1643,60.0,60,7500,4,21,0,4,8,5,2000,1,1058.0,1874,3,7,588.0
183,1644,60.0,60,8470,0,21,0,4,8,5,2002,1,972.0,1811,3,7,565.0
184,1645,20.0,60,9373,1,14,0,2,5,7,1975,1,1621.0,1621,3,7,478.0
185,1646,20.0,78,10140,4,14,0,2,6,6,1974,3,1116.0,1116,3,6,528.0
186,1647,20.0,85,11050,0,14,0,2,7,5,1975,1,1176.0,1193,3,5,506.0
187,1648,20.0,60,7830,4,12,0,2,5,5,1970,1,1180.0,1180,2,6,477.0
188,1649,20.0,60,8510,4,12,0,2,5,7,1971,1,1043.0,1050,3,6,336.0
189,1650,20.0,60,7038,4,12,0,2,4,6,1970,1,864.0,864,3,5,576.0
190,1651,20.0,60,9000,2,12,0,2,4,7,1971,1,864.0,864,3,5,576.0
191,1652,160.0,21,1680,4,2,3,4,6,5,1973,1,483.0,987,2,5,264.0
192,1653,160.0,21,1680,4,2,3,4,6,6,1972,1,483.0,987,2,5,288.0
193,1654,160.0,24,2308,2,13,4,4,6,5,1976,1,804.0,1548,3,7,440.0
194,1655,120.0,24,2280,2,13,3,2,7,5,1975,1,1057.0,1055,2,4,440.0
195,1656,160.0,24,2349,4,13,3,4,6,5,1977,1,855.0,1456,3,6,440.0
196,1657,160.0,24,2364,4,13,4,4,6,5,1978,1,804.0,1548,3,7,440.0
197,1658,160.0,24,2364,4,13,4,4,6,5,1978,1,855.0,1456,3,6,440.0
198,1659,120.0,24,2104,4,13,4,2,7,6,1976,1,836.0,836,2,5,345.0
199,1660,20.0,60,10710,4,12,0,2,5,7,1966,3,864.0,1120,3,5,656.0
200,1661,60.0,110,14257,4,16,0,4,9,5,2007,3,1776.0,2772,4,10,754.0
201,1662,60.0,95,12350,4,16,0,4,9,5,2009,1,1365.0,2690,3,8,864.0
202,1663,20.0,95,12350,4,16,0,2,9,5,2008,3,2020.0,2020,3,7,896.0
203,1664,20.0,105,13693,4,16,0,2,10,5,2007,3,2630.0,2674,2,8,762.0
204,1665,20.0,95,11578,4,16,0,2,9,5,2008,1,1736.0,1736,3,7,834.0
205,1666,20.0,129,16870,3,16,0,2,8,5,2004,3,1782.0,1782,3,7,932.0
206,1667,60.0,59,23303,1,16,0,4,8,5,2007,1,1508.0,2520,5,10,640.0
207,1668,20.0,87,10367,4,16,0,2,9,5,2008,3,1739.0,1743,3,8,927.0
208,1669,20.0,77,10872,4,16,0,2,9,5,2006,1,1504.0,1531,2,6,700.0
209,1670,20.0,102,13514,0,16,0,2,9,5,2008,3,1774.0,1808,3,7,850.0
210,1671,20.0,90,12878,0,16,0,2,7,5,2003,3,1760.0,1760,3,8,583.0
211,1672,20.0,110,15274,0,16,0,2,9,5,2003,3,2452.0,2452,3,10,886.0
212,1673,60.0,96,13262,4,16,0,4,8,5,2003,1,1082.0,2400,4,10,730.0
213,1674,20.0,70,9658,4,16,0,2,8,5,2006,1,1598.0,1606,3,6,871.0
214,1675,120.0,47,6904,4,16,4,2,6,5,2005,1,1358.0,1358,2,6,484.0
215,1676,120.0,34,5122,4,16,3,2,6,5,2005,1,1306.0,1306,1,5,624.0
216,1677,120.0,80,10307,4,16,4,2,7,5,2007,1,1350.0,1358,2,6,484.0
217,1678,20.0,100,14836,4,16,0,2,10,5,2004,3,2492.0,2492,2,8,949.0
218,1679,20.0,117,15262,0,16,0,2,8,5,2003,3,2200.0,2200,3,8,685.0
219,1680,120.0,44,7390,4,16,4,2,9,5,2008,3,1884.0,1884,2,6,649.0
220,1681,120.0,48,6472,4,16,4,2,9,5,2008,3,1451.0,1456,2,6,539.0
221,1682,20.0,129,16770,0,16,0,2,8,5,2002,3,1712.0,1712,3,8,701.0
222,1683,120.0,48,3480,4,16,4,2,7,5,2003,1,1405.0,1405,2,6,478.0
223,1684,60.0,63,10928,4,8,0,4,7,5,2005,1,728.0,1456,3,8,390.0
224,1685,60.0,57,8918,4,8,0,4,6,5,2005,1,745.0,1490,3,7,392.0
225,1686,120.0,43,3182,4,0,4,2,7,5,2005,1,1220.0,1220,2,5,397.0
226,1687,80.0,59,9434,4,8,0,6,7,5,2004,1,384.0,1374,3,6,400.0
227,1688,60.0,62,7984,4,8,0,4,7,5,2004,1,868.0,1630,3,7,436.0
228,1689,60.0,61,10125,4,8,0,4,7,5,2004,1,846.0,1594,3,7,434.0
229,1690,60.0,60,8965,4,8,0,4,7,5,2003,1,782.0,1489,3,8,400.0
230,1691,60.0,60,8174,4,8,0,4,7,5,2003,1,698.0,1342,3,7,393.0
231,1692,60.0,60,12891,0,8,0,4,8,5,2002,1,870.0,2004,4,8,644.0
232,1693,80.0,61,9734,4,8,0,6,7,5,2004,1,384.0,1374,3,7,400.0
233,1694,60.0,42,8433,4,8,0,4,6,5,2000,1,794.0,1514,3,7,394.0
234,1695,80.0,62,7750,4,8,0,6,7,5,1999,1,384.0,1430,3,7,400.0
235,1696,60.0,60,15896,1,8,0,4,7,5,1999,1,1177.0,2312,4,8,658.0
236,1697,80.0,64,7848,4,8,0,6,7,6,1999,1,384.0,1430,3,7,410.0
237,1698,60.0,106,12720,4,15,0,4,8,5,2000,1,1455.0,2687,4,10,810.0
238,1699,20.0,60,10750,1,15,0,2,8,5,1994,3,2024.0,2063,3,7,815.0
239,1700,60.0,79,9085,4,15,0,4,7,5,1995,1,1070.0,2061,3,7,647.0
240,1701,60.0,60,11692,4,15,0,4,8,5,1993,1,1173.0,2232,3,8,623.0
241,1702,20.0,86,11194,4,21,0,2,8,5,2008,1,1696.0,1696,3,7,972.0
242,1703,20.0,78,10206,4,21,0,2,8,5,2008,1,1614.0,1658,3,7,726.0
243,1704,20.0,85,10130,4,21,0,2,8,5,2007,1,1702.0,1702,3,7,844.0
244,1705,20.0,76,9139,4,21,0,2,8,5,2006,3,1422.0,1432,3,7,492.0
245,1706,20.0,85,11128,0,21,0,2,9,5,2005,3,2458.0,2490,2,9,795.0
246,1707,20.0,90,7993,4,21,0,2,7,5,2008,1,1436.0,1436,3,6,529.0
247,1708,20.0,72,8640,4,21,0,2,7,5,2008,3,1402.0,1402,3,7,625.0
248,1709,20.0,112,12606,4,21,0,2,9,5,2007,1,1530.0,1530,3,7,984.0
249,1710,20.0,75,7500,4,21,0,2,8,5,2006,1,1372.0,1448,2,6,692.0
250,1711,60.0,84,10603,4,21,0,4,8,5,2006,3,900.0,1795,3,8,782.0
251,1712,20.0,65,8125,0,21,0,2,8,5,2008,3,1836.0,1836,3,8,517.0
252,1713,20.0,85,10625,4,21,0,2,7,5,2006,1,1652.0,1662,3,8,711.0
253,1714,20.0,68,8736,4,21,0,2,7,5,2003,1,1553.0,1553,3,6,588.0
254,1715,60.0,65,8127,4,21,0,4,7,5,2003,1,812.0,1653,3,6,628.0
255,1716,20.0,80,9605,0,20,0,2,7,6,2007,1,1218.0,1218,3,6,576.0
256,1717,20.0,63,7500,4,20,0,2,7,5,2006,1,1141.0,1141,3,6,484.0
257,1718,20.0,63,7500,4,20,0,2,6,5,2004,1,1158.0,1158,3,5,0.0
258,1719,60.0,96,10628,0,20,0,4,7,5,2004,1,835.0,1812,3,8,478.0
259,1720,20.0,76,10141,4,20,0,2,8,5,2004,1,1512.0,1512,3,6,845.0
260,1721,20.0,63,13072,4,20,0,2,7,5,2004,1,1114.0,1114,3,6,576.0
261,1722,20.0,63,13072,4,20,0,2,5,5,2004,1,1114.0,1114,3,6,0.0
262,1723,20.0,60,12450,4,20,0,2,5,5,2003,1,1114.0,1114,3,6,576.0
263,1724,20.0,61,7328,4,20,0,2,7,5,2008,1,1450.0,1450,2,6,788.0
264,1725,60.0,43,11492,1,20,0,4,7,5,1996,1,913.0,2122,4,8,559.0
265,1726,60.0,70,7703,4,20,0,4,6,6,1992,1,816.0,1730,3,6,528.0
266,1727,120.0,50,7175,4,20,4,2,6,5,1990,1,1332.0,1332,2,5,542.0
267,1728,60.0,70,9109,4,20,0,4,7,5,1994,1,754.0,1540,3,6,495.0
268,1729,60.0,60,10274,1,20,0,4,6,7,1986,1,676.0,1400,3,6,465.0
269,1730,90.0,75,8250,4,20,2,4,6,7,1981,1,0.0,1882,4,8,612.0
270,1731,20.0,63,9750,4,19,0,2,5,5,1962,3,980.0,980,3,5,400.0
271,1732,20.0,60,8499,0,19,0,2,5,6,1961,1,864.0,864,3,5,732.0
272,1733,20.0,60,9079,4,19,0,2,5,5,1961,1,864.0,864,2,5,440.0
273,1734,20.0,60,9316,4,19,0,2,5,5,1965,1,1024.0,1020,3,5,288.0
274,1735,20.0,60,7791,4,19,0,2,5,8,1963,1,912.0,912,3,6,300.0
275,1736,20.0,65,7150,4,19,0,2,5,6,1962,1,912.0,912,3,6,252.0
276,1737,20.0,60,15676,4,24,0,2,8,8,1980,1,2014.0,2014,2,6,864.0
277,1738,60.0,60,11949,4,15,0,4,7,8,1991,1,975.0,1755,3,7,524.0
278,1739,160.0,32,2880,4,21,3,4,7,5,2004,1,1376.0,3005,3,9,704.0
279,1740,120.0,60,3830,4,21,4,2,6,5,2008,1,1726.0,1726,2,6,561.0
280,1741,120.0,60,4217,4,21,4,2,6,5,2008,1,1145.0,1256,1,5,641.0
281,1742,160.0,34,2998,4,21,4,4,6,5,2000,1,756.0,1512,2,4,440.0
282,1743,160.0,35,3768,2,21,4,4,7,5,1999,3,691.0,1452,3,6,506.0
283,1744,20.0,60,14694,4,24,0,2,8,9,1977,1,1694.0,1694,2,5,642.0
284,1745,20.0,110,15417,4,24,0,2,7,5,1981,1,1740.0,1740,2,7,540.0
285,1746,80.0,80,9600,2,24,0,6,8,5,1976,1,392.0,2499,4,5,527.0
286,1747,60.0,60,12732,1,14,0,4,7,6,1974,1,752.0,2067,3,7,784.0
287,1748,60.0,80,10400,4,14,0,4,6,7,1967,1,932.0,2640,5,8,515.0
288,1749,20.0,80,9600,4,14,0,2,5,5,1969,1,1288.0,1336,3,6,502.0
289,1750,20.0,75,9000,4,14,0,2,6,5,1969,1,1216.0,1216,3,5,336.0
290,1751,60.0,60,13774,4,14,0,4,7,7,1977,3,908.0,2288,4,8,520.0
291,1752,20.0,62,7130,4,12,0,2,5,6,1967,1,864.0,864,2,5,312.0
292,1753,20.0,80,9600,4,12,0,2,5,5,1967,3,1568.0,1568,3,7,440.0
293,1754,60.0,80,9600,4,14,0,4,7,5,1974,1,1165.0,2061,4,8,498.0
294,1755,85.0,60,16500,4,14,0,5,6,5,1971,3,1232.0,1320,3,5,495.0
295,1756,20.0,60,7436,4,12,0,2,4,7,1960,1,894.0,894,2,5,396.0
296,1757,20.0,65,8125,4,12,0,2,5,7,1959,3,864.0,864,3,5,308.0
297,1758,20.0,60,9450,0,12,0,2,4,5,1957,1,1040.0,1362,3,6,768.0
298,1759,20.0,60,13495,0,12,0,2,5,6,1956,1,1048.0,1728,3,7,576.0
299,1760,20.0,85,9350,4,12,0,2,5,6,1961,1,1313.0,1313,3,6,610.0
300,1761,20.0,115,10500,4,12,0,2,5,5,1964,1,1292.0,1292,3,6,520.0
301,1762,60.0,60,8970,0,12,0,4,5,6,1965,1,744.0,2140,4,7,549.0
302,1763,80.0,85,11475,0,12,0,6,6,6,1961,3,1208.0,1576,4,7,368.0
303,1764,20.0,68,9768,4,12,0,2,5,5,1955,1,960.0,960,2,5,330.0
304,1765,20.0,90,9900,4,12,0,2,6,5,1967,1,1680.0,1691,2,5,550.0
305,1766,20.0,92,10573,0,12,0,2,6,6,1961,3,1453.0,1453,3,6,530.0
306,1767,20.0,80,14695,4,12,0,2,6,8,1966,1,1562.0,1567,2,5,542.0
307,1768,20.0,73,8760,4,12,0,2,5,7,1956,1,1169.0,1144,3,6,286.0
308,1769,20.0,60,12285,4,12,0,2,7,6,1960,1,1329.0,1329,3,5,441.0
309,1770,20.0,66,9240,4,12,0,2,6,8,1959,3,988.0,988,3,6,297.0
310,1771,20.0,70,8750,4,12,0,2,5,5,1956,1,1202.0,1202,3,6,304.0
311,1772,20.0,70,8750,4,12,0,2,5,5,1955,1,1382.0,1382,3,6,350.0
312,1773,20.0,80,10400,0,12,0,2,4,5,1956,1,1200.0,1200,3,6,294.0
313,1774,90.0,76,9482,4,12,2,2,5,4,1958,3,1866.0,1866,4,8,495.0
314,1775,20.0,53,8128,1,12,0,2,6,7,1954,3,1062.0,1062,3,6,297.0
315,1776,20.0,67,13070,0,12,0,2,5,5,1951,3,631.0,1112,2,5,480.0
316,1777,30.0,80,8480,0,12,0,2,5,6,1945,1,793.0,793,2,4,240.0
317,1778,20.0,60,7626,4,12,0,2,5,8,1952,3,1031.0,1031,2,5,230.0
318,1779,20.0,75,9533,4,12,0,2,5,5,1953,3,0.0,1210,2,7,616.0
319,1780,60.0,78,11419,0,12,0,4,7,7,1948,1,699.0,1527,3,6,410.0
320,1781,20.0,60,9600,4,12,0,2,5,6,1950,1,1200.0,1200,3,6,246.0
321,1782,20.0,53,5470,4,17,0,2,3,5,1958,1,792.0,792,2,4,366.0
322,1783,60.0,60,10800,4,17,0,4,5,7,1939,1,676.0,1352,4,7,720.0
323,1784,70.0,80,8146,0,17,0,4,4,8,1900,1,405.0,1039,2,6,281.0
324,1785,30.0,60,10230,4,17,0,2,5,7,1925,1,1054.0,1078,3,6,264.0
325,1786,50.0,60,10410,4,17,0,0,4,5,1915,1,1313.0,2377,3,8,528.0
326,1787,70.0,60,7200,0,17,0,4,7,9,1910,1,560.0,1690,4,5,624.0
327,1788,30.0,90,5400,4,17,0,2,2,5,1940,1,416.0,599,2,4,0.0
328,1789,30.0,60,10800,4,17,0,2,5,7,1920,1,720.0,846,2,4,576.0
329,1790,30.0,60,10800,0,17,0,2,3,5,1890,1,630.0,725,1,4,320.0
330,1791,90.0,81,9671,0,12,2,4,6,5,1969,1,1248.0,2544,6,12,907.0
331,1792,20.0,83,10143,4,12,0,2,6,7,1963,1,1380.0,1380,3,6,364.0
332,1793,20.0,77,11500,4,12,0,2,6,4,1967,1,1040.0,1040,3,6,480.0
333,1794,20.0,62,8010,4,12,0,2,6,9,1958,3,951.0,951,2,6,480.0
334,1795,20.0,90,10454,0,12,0,2,6,6,1957,3,1105.0,1105,3,5,308.0
335,1796,20.0,80,9000,4,12,0,2,6,6,1958,0,160.0,1142,2,5,384.0
336,1797,50.0,60,8064,4,12,0,0,6,5,1950,1,795.0,1133,3,5,900.0
337,1798,20.0,71,7350,4,12,0,2,5,6,1958,3,1041.0,1041,3,6,294.0
338,1799,20.0,60,7200,0,12,0,2,5,7,1952,1,732.0,732,2,4,240.0
339,1800,80.0,80,8000,4,12,0,6,5,5,1959,1,528.0,1183,3,6,288.0
340,1801,50.0,60,10800,4,12,0,0,4,7,1949,1,832.0,1461,4,6,384.0
341,1802,50.0,60,8064,0,12,0,0,6,7,1948,1,864.0,1495,3,6,576.0
342,1803,60.0,76,7570,0,12,0,4,6,5,1964,1,780.0,1806,4,8,483.0
343,1804,90.0,75,8604,4,12,2,5,5,7,1978,1,941.0,941,2,4,564.0
344,1805,20.0,80,7936,4,12,0,2,6,6,1963,3,1045.0,1045,3,6,264.0
345,1806,50.0,68,4080,4,17,0,0,6,8,1935,1,901.0,1378,3,6,162.0
346,1807,90.0,57,10307,4,17,2,4,6,5,1910,1,972.0,1944,4,12,324.0
347,1808,50.0,90,15660,4,17,0,0,5,8,1910,1,240.0,1306,3,6,472.0
348,1809,70.0,90,9900,0,17,0,4,5,8,1910,1,504.0,1464,3,7,0.0
349,1810,70.0,57,6406,4,17,0,4,5,6,1939,1,690.0,1558,3,7,400.0
350,1811,190.0,63,7627,0,17,1,4,4,6,1920,1,600.0,1701,4,8,0.0
351,1812,50.0,56,10134,4,17,0,0,5,5,1910,1,801.0,1447,3,6,0.0
352,1813,50.0,50,6000,4,17,0,0,5,7,1950,1,768.0,1328,3,6,308.0
353,1814,30.0,62,7404,0,17,0,2,4,6,1920,1,861.0,861,2,5,288.0
354,1815,30.0,50,5925,0,17,0,2,2,4,1940,1,0.0,612,1,4,308.0
355,1816,30.0,60,8520,4,17,0,2,5,8,1923,1,624.0,792,2,5,287.0
356,1817,70.0,60,9600,4,17,0,4,4,4,1910,1,677.0,1510,3,7,720.0
357,1818,70.0,70,8400,0,17,0,4,6,7,1900,1,917.0,2007,3,8,357.0
358,1819,70.0,60,3600,4,17,0,4,6,7,1917,1,624.0,1288,3,5,280.0
359,1820,30.0,60,3300,4,17,0,2,4,3,1910,1,624.0,816,2,5,0.0
360,1821,50.0,60,5400,4,17,0,0,6,6,1920,1,972.0,1480,3,6,207.0
361,1822,70.0,60,9720,4,17,0,4,6,7,1910,1,741.0,1521,4,8,640.0
362,1823,30.0,72,9392,0,9,0,2,3,3,1900,4,245.0,797,2,5,0.0
363,1824,30.0,60,6615,4,3,0,2,6,6,1923,1,1022.0,1432,3,6,216.0
364,1825,70.0,50,4960,4,3,0,0,5,7,1930,1,297.0,1654,3,7,336.0
365,1826,50.0,60,6000,0,3,0,0,5,5,1924,1,468.0,1142,3,6,320.0
366,1827,30.0,51,6120,4,3,0,2,5,6,1925,1,960.0,995,2,5,264.0
367,1828,50.0,51,6120,4,3,0,0,5,6,1938,1,952.0,1582,3,6,250.0
368,1829,30.0,50,8635,4,3,0,2,5,5,1925,3,1072.0,1072,2,5,1184.0
369,1830,70.0,57,8094,4,17,0,4,6,6,1915,1,1048.0,1768,3,8,576.0
370,1831,70.0,68,9928,4,17,0,4,7,8,1915,1,672.0,1944,3,8,216.0
371,1832,90.0,50,3000,4,17,2,4,5,1,1922,3,1040.0,2128,4,11,0.0
372,1833,70.0,57,6876,4,9,0,4,6,5,1927,1,720.0,1930,4,8,316.0
373,1834,70.0,60,5775,0,17,0,4,6,7,1915,1,483.0,1427,3,7,379.0
374,1835,190.0,41,5852,0,17,1,3,7,5,1902,1,1020.0,1864,6,9,0.0
375,1836,50.0,60,5160,0,9,0,0,6,6,1927,1,1204.0,1666,3,4,384.0
376,1837,85.0,86,5160,4,9,0,5,4,6,1923,3,858.0,892,1,5,0.0
377,1838,190.0,60,10320,4,9,1,4,6,7,1915,1,698.0,1403,3,7,308.0
378,1839,20.0,50,4280,4,19,0,2,4,9,1946,1,560.0,704,2,4,220.0
379,1840,90.0,60,10800,4,7,2,2,5,5,1987,1,1200.0,1200,3,5,0.0
380,1841,90.0,60,10547,4,7,2,5,5,5,1978,1,1152.0,1152,2,6,252.0
381,1842,50.0,60,9780,4,7,0,0,5,3,1934,1,585.0,1112,4,6,226.0
382,1843,20.0,75,11625,4,19,0,2,5,6,1967,3,1052.0,1052,3,6,668.0
383,1844,85.0,60,8014,1,19,0,5,6,5,1978,1,456.0,1034,3,5,504.0
384,1845,80.0,88,15400,4,19,0,6,5,5,1961,3,552.0,1774,4,8,384.0
385,1846,80.0,88,15312,4,19,0,6,6,5,1960,3,1138.0,1138,3,6,480.0
386,1847,80.0,60,15584,4,4,0,6,5,5,1956,3,825.0,2071,4,9,336.0
387,1848,20.0,60,9000,0,19,0,2,2,2,1947,1,0.0,660,2,5,0.0
388,1849,20.0,60,15635,1,7,0,2,4,5,1954,1,0.0,1383,2,6,498.0
389,1850,20.0,68,9571,4,7,0,2,5,5,1956,3,1073.0,1073,2,5,340.0
390,1851,60.0,50,9350,4,7,0,4,6,7,1946,3,747.0,1639,3,6,240.0
391,1852,20.0,62,7440,4,7,0,2,5,6,1954,1,1089.0,1089,3,5,252.0
392,1853,120.0,42,4235,4,7,4,2,5,5,1984,1,1049.0,1049,2,5,266.0
393,1854,80.0,74,10778,4,20,0,6,7,6,1990,1,1054.0,1061,1,4,462.0
394,1855,80.0,66,19255,4,20,0,6,6,5,1983,1,520.0,1338,2,5,576.0
395,1856,60.0,85,10560,0,20,0,4,7,5,1993,1,1079.0,1879,3,8,473.0
396,1857,70.0,120,26400,2,20,0,4,5,7,1880,1,0.0,2016,4,7,576.0
397,1858,90.0,64,7018,4,20,2,4,5,5,1979,1,0.0,2228,6,8,720.0
398,1859,90.0,64,7018,4,20,2,2,5,5,1979,1,0.0,1535,4,8,400.0
399,1860,90.0,64,7040,4,20,2,5,5,5,1979,1,1094.0,1229,2,6,672.0
400,1861,90.0,64,7007,4,20,2,2,5,5,1979,1,0.0,1513,4,8,400.0
401,1862,90.0,60,11855,4,20,2,4,7,5,2000,3,1168.0,2787,6,8,820.0
402,1863,90.0,60,7939,4,20,2,4,7,5,2000,3,1168.0,2787,6,8,820.0
403,1864,90.0,60,7976,4,20,2,4,7,5,2000,3,1168.0,2787,6,8,820.0
404,1865,20.0,84,10933,4,5,0,2,9,5,2009,3,1555.0,1680,1,8,1138.0
405,1866,20.0,65,10816,4,5,0,2,9,5,2008,1,1720.0,1720,3,8,846.0
406,1867,20.0,71,9178,4,5,0,2,8,5,2008,1,1468.0,1468,3,6,904.0
407,1868,20.0,77,11422,4,5,0,2,8,5,2007,3,1838.0,1838,3,7,524.0
408,1869,20.0,64,6762,4,5,0,2,7,5,2007,1,1282.0,1290,2,6,662.0
409,1870,20.0,95,10324,0,5,0,2,8,5,2008,1,1254.0,1254,2,5,810.0
410,1871,20.0,78,11645,4,5,0,2,8,5,2005,1,1498.0,1498,3,7,844.0
411,1872,60.0,79,11646,4,5,0,4,6,5,2005,1,704.0,1422,3,7,440.0
412,1873,60.0,60,16698,1,4,0,4,7,5,1992,1,1449.0,1759,3,7,525.0
413,1874,20.0,65,9757,4,5,0,2,5,7,1994,1,990.0,990,3,5,440.0
414,1875,20.0,65,14753,4,5,0,2,7,5,1998,1,1463.0,1463,3,5,539.0
415,1876,60.0,70,8750,4,5,0,4,6,5,1998,1,928.0,1772,3,7,492.0
416,1877,20.0,65,10739,4,5,0,2,7,5,2002,1,1431.0,1444,3,6,577.0
417,1878,20.0,75,11166,4,5,0,2,7,5,2001,1,1492.0,1492,3,6,608.0
418,1879,20.0,60,16269,1,5,0,2,5,5,1978,1,907.0,907,3,5,343.0
419,1880,20.0,76,6950,4,5,0,2,5,7,1979,1,914.0,914,2,5,444.0
420,1881,20.0,90,11664,0,5,0,2,7,5,2002,3,1569.0,1611,3,6,1231.0
421,1882,60.0,60,12334,4,5,0,4,8,5,2003,1,1068.0,2184,4,8,570.0
422,1883,60.0,70,8749,4,5,0,4,7,5,2002,1,840.0,1725,3,6,550.0
423,1884,60.0,60,11250,0,5,0,4,7,5,2001,1,944.0,1870,3,6,608.0
424,1885,20.0,90,15750,3,5,0,2,8,5,1999,1,1462.0,1513,2,5,521.0
425,1886,20.0,60,12782,4,5,0,2,8,5,2002,3,1822.0,1828,3,7,523.0
426,1887,20.0,70,8750,4,5,0,2,7,5,1997,1,1417.0,1417,3,7,511.0
427,1888,20.0,85,10200,4,5,0,2,8,5,2007,1,1578.0,1602,3,7,810.0
428,1889,60.0,85,11069,0,5,0,4,6,5,2007,1,608.0,1396,3,6,440.0
429,1890,20.0,80,10682,4,7,0,2,4,6,1960,1,1014.0,1149,3,7,544.0
430,1891,180.0,35,3675,4,7,4,5,6,5,2005,1,547.0,1072,2,5,525.0
431,1892,20.0,64,6410,4,7,0,2,4,5,1959,1,876.0,876,3,5,320.0
432,1893,20.0,70,11767,4,7,0,2,5,5,1950,1,1078.0,1368,3,6,195.0
433,1894,90.0,65,10926,4,7,2,2,5,5,1959,3,1678.0,1678,6,10,0.0
434,1895,20.0,70,11767,4,7,0,2,5,5,1956,3,1150.0,1560,2,7,313.0
435,1896,50.0,45,8212,4,7,0,0,5,6,1941,1,720.0,1298,3,6,256.0
436,1897,50.0,70,6300,0,18,0,0,5,4,1938,1,832.0,1268,3,7,250.0
437,1898,70.0,43,5707,4,18,0,4,6,6,1935,1,583.0,1242,3,6,180.0
438,1899,30.0,64,8574,4,6,0,2,6,8,1916,1,816.0,1232,3,6,440.0
439,1900,70.0,53,7155,4,6,0,4,7,8,1918,2,600.0,1228,3,6,215.0
440,1901,50.0,60,13680,4,6,0,0,5,6,1940,1,840.0,1567,2,6,440.0
441,1902,20.0,80,14680,4,6,0,2,5,4,1960,1,1273.0,1273,2,5,307.0
442,1903,90.0,60,8145,0,6,2,3,7,6,1940,1,920.0,2480,5,13,400.0
443,1904,20.0,70,9100,4,6,0,2,5,6,1954,1,1112.0,1112,2,6,390.0
444,1905,20.0,90,13339,4,6,0,2,6,6,1960,1,1561.0,1561,3,6,463.0
445,1906,50.0,78,15600,4,6,0,0,5,7,1949,1,1067.0,1523,3,7,295.0
446,1907,20.0,100,17500,0,6,0,2,6,5,1954,1,1310.0,1906,3,6,576.0
447,1908,160.0,24,1733,4,1,3,4,6,6,1980,1,516.0,1032,2,5,452.0
448,1909,160.0,24,1488,4,1,4,4,6,6,1980,1,561.0,1229,2,5,462.0
449,1910,160.0,24,1612,4,1,3,4,6,6,1980,1,561.0,1229,2,5,462.0
450,1911,80.0,60,13607,4,6,0,6,6,6,1986,1,572.0,1982,3,6,501.0
451,1912,20.0,60,17597,4,6,0,2,7,9,1971,3,1803.0,2365,3,7,551.0
452,1913,70.0,50,8660,4,9,0,4,5,6,1900,2,760.0,2168,5,11,576.0
453,1914,30.0,60,10200,4,9,0,2,4,6,1925,1,572.0,572,2,4,200.0
454,1915,120.0,44,3843,4,6,4,2,8,5,2007,3,1596.0,1648,2,5,482.0
455,1916,30.0,109,21780,4,9,0,2,2,4,1910,1,0.0,810,1,4,280.0
456,1917,60.0,75,10125,4,11,0,4,8,5,2000,1,1107.0,2052,3,7,642.0
457,1918,85.0,75,9750,4,11,0,5,6,6,1977,1,902.0,926,2,5,351.0
458,1919,85.0,72,9360,4,11,0,5,6,7,1977,1,957.0,1287,2,5,541.0
459,1920,20.0,82,11070,4,11,0,2,5,5,1991,1,1582.0,1595,2,5,672.0
460,1921,20.0,113,13438,0,23,0,2,9,5,2008,1,2190.0,2036,3,9,780.0
461,1922,20.0,79,14463,0,23,0,2,9,5,2008,1,1641.0,1641,3,7,885.0
462,1923,60.0,60,9839,1,23,0,4,6,8,1980,1,712.0,2237,3,7,440.0
463,1924,80.0,125,14419,0,23,0,6,7,5,1987,3,1645.0,1479,3,7,578.0
464,1925,60.0,75,9157,0,23,0,4,7,5,2003,1,912.0,2014,3,9,486.0
465,1926,20.0,85,12633,4,23,0,2,9,5,2007,3,1978.0,1978,2,7,920.0
466,1927,20.0,75,12518,4,11,0,2,5,7,1968,1,1008.0,1008,3,6,384.0
467,1928,20.0,83,13383,4,11,0,2,5,5,1969,3,1188.0,1404,3,7,504.0
468,1929,85.0,50,7689,4,11,0,5,5,8,1972,1,796.0,796,2,4,336.0
469,1930,80.0,62,7706,4,11,0,6,6,5,1993,1,384.0,1091,2,5,429.0
470,1931,85.0,70,7669,4,11,0,5,5,6,1992,1,828.0,883,2,5,698.0
471,1932,60.0,62,10429,4,11,0,4,5,5,1992,1,624.0,1287,3,6,440.0
472,1933,60.0,70,10457,4,11,0,4,5,7,1969,1,784.0,1632,4,7,898.0
473,1934,60.0,72,8702,4,8,0,4,6,5,1997,1,926.0,1604,3,7,470.0
474,1935,60.0,65,8139,4,8,0,4,6,5,1995,1,680.0,1470,3,7,420.0
475,1936,60.0,59,9535,4,8,0,4,6,5,1998,1,926.0,1604,3,7,472.0
476,1937,60.0,60,15038,0,8,0,4,6,5,1996,1,916.0,1636,3,7,386.0
477,1938,20.0,53,14137,4,8,0,2,5,5,1996,1,1348.0,1384,3,7,404.0
478,1939,120.0,45,6264,0,22,0,2,8,5,1997,1,1664.0,1682,1,6,528.0
479,1940,120.0,39,5070,4,22,4,2,8,5,1992,1,1280.0,1280,2,5,506.0
480,1941,60.0,73,11184,0,8,0,4,6,5,1998,1,932.0,1633,3,7,460.0
481,1942,60.0,60,14067,3,8,0,4,6,5,1991,1,836.0,1709,3,7,416.0
482,1943,120.0,65,5950,4,22,4,2,8,5,1989,1,1337.0,1337,2,5,462.0
483,1944,60.0,101,13543,0,22,0,4,8,5,2005,1,1168.0,2500,5,9,683.0
484,1945,20.0,53,15401,1,22,0,2,9,5,2004,3,1884.0,1884,2,7,670.0
485,1946,20.0,60,31220,2,8,0,2,6,2,1952,3,1632.0,1474,3,7,495.0
486,1947,120.0,60,8118,4,22,4,2,9,5,2007,3,1710.0,1710,2,6,557.0
487,1948,20.0,60,47280,4,8,0,2,6,5,1950,3,1488.0,1488,3,6,738.0
488,1949,20.0,63,12680,4,14,0,2,7,6,1988,1,1675.0,1688,2,6,528.0
489,1950,20.0,60,10825,4,14,0,2,7,7,1983,1,1260.0,1260,3,6,598.0
490,1951,20.0,56,18559,1,14,0,2,7,5,1978,3,2048.0,2064,3,7,550.0
491,1952,20.0,85,14450,4,14,0,2,7,5,1979,3,1782.0,1782,3,6,551.0
492,1953,20.0,90,13068,0,14,0,2,6,5,1976,3,1211.0,1211,3,6,461.0
493,1954,60.0,80,10400,4,14,0,4,7,6,1980,1,738.0,2044,3,7,489.0
494,1955,60.0,75,9743,4,14,0,4,5,6,1969,1,720.0,1308,3,7,484.0
495,1956,60.0,60,12511,0,14,0,4,7,7,1978,4,1420.0,2840,4,8,1314.0
496,1957,20.0,80,10400,4,14,0,2,6,5,1976,1,1444.0,1444,2,5,473.0
497,1958,60.0,60,14311,3,14,0,4,8,5,1996,1,1236.0,2340,4,9,787.0
498,1959,90.0,60,9000,2,12,2,4,5,5,1974,1,896.0,1792,4,8,480.0
499,1960,20.0,68,10295,2,12,0,2,4,6,1969,1,936.0,936,2,4,288.0
500,1961,20.0,63,7560,4,12,0,2,5,5,1971,3,864.0,864,3,5,576.0
501,1962,160.0,21,1680,4,2,3,4,6,5,1973,1,483.0,987,2,5,264.0
502,1963,160.0,21,1890,4,2,3,4,6,6,1972,1,483.0,987,2,5,352.0
503,1964,160.0,21,1680,4,2,3,4,5,5,1972,1,630.0,1302,3,6,264.0
504,1965,160.0,24,2308,2,13,4,4,6,6,1975,1,855.0,1456,4,7,460.0
505,1966,120.0,24,2529,4,13,3,2,7,6,1977,1,1055.0,1055,2,4,440.0
506,1967,20.0,98,12704,4,16,0,2,8,5,2007,3,1582.0,1582,3,7,905.0
507,1968,20.0,105,13693,4,16,0,2,8,5,2007,3,2418.0,2464,4,9,650.0
508,1969,20.0,104,14418,4,16,0,2,9,5,2007,3,1950.0,1950,2,7,706.0
509,1970,60.0,108,13418,4,16,0,4,9,5,2006,3,1850.0,2748,4,9,850.0
510,1971,60.0,96,12539,4,16,0,4,10,5,2005,3,1620.0,2790,4,10,1150.0
511,1972,60.0,102,12151,4,16,0,4,9,5,2005,1,1414.0,2331,3,9,1003.0
512,1973,60.0,74,8899,4,16,0,4,8,5,2007,3,948.0,2088,4,10,656.0
513,1974,60.0,85,10574,4,16,0,4,8,5,2004,1,1148.0,2332,4,9,756.0
514,1975,20.0,106,12720,4,16,0,2,10,5,2003,3,2535.0,2470,1,7,789.0
515,1976,20.0,92,10845,0,16,0,2,8,5,2003,1,1603.0,1575,2,7,732.0
516,1977,60.0,130,16900,4,16,0,4,8,5,2001,1,1479.0,2649,4,10,746.0
517,1978,60.0,112,16451,0,16,0,4,8,5,2003,1,1765.0,2690,4,9,795.0
518,1979,120.0,58,10110,4,16,4,2,9,5,2008,3,1858.0,1866,2,7,870.0
519,1980,120.0,135,12304,0,16,4,2,7,5,2005,1,1367.0,1367,2,6,484.0
520,1981,120.0,89,8232,4,16,4,2,9,5,2007,3,1800.0,1800,2,6,944.0
521,1982,120.0,48,6240,4,16,4,2,8,5,2006,3,1342.0,1342,2,6,550.0
522,1983,120.0,48,6240,4,16,4,2,8,5,2006,3,1342.0,1342,2,6,550.0
523,1984,160.0,36,2448,4,16,3,4,7,5,2003,1,764.0,1626,2,6,474.0
524,1985,120.0,60,3940,4,0,4,2,7,5,2003,1,1415.0,1455,2,6,644.0
525,1986,120.0,60,3940,4,0,4,2,7,5,2004,3,1393.0,1576,2,7,668.0
526,1987,20.0,53,3710,4,0,0,2,7,5,2007,1,1146.0,1246,2,5,428.0
527,1988,60.0,80,9024,4,8,0,4,6,5,2004,1,789.0,1515,3,8,393.0
528,1989,60.0,60,8010,4,8,0,4,7,5,2002,1,840.0,1720,3,7,400.0
529,1990,60.0,60,8396,4,8,0,4,7,5,2003,1,847.0,1986,4,9,434.0
530,1991,120.0,55,7301,4,16,4,2,7,6,2007,1,1350.0,1358,2,6,484.0
531,1992,60.0,71,8220,4,8,0,4,7,5,2000,1,982.0,1892,3,8,431.0
532,1993,60.0,60,7750,4,8,0,4,7,5,2002,1,707.0,1414,3,6,403.0
533,1994,60.0,41,12460,2,8,0,4,7,5,1999,1,1037.0,2322,4,8,400.0
534,1995,60.0,77,8390,4,8,0,4,7,5,1999,1,831.0,1651,3,7,450.0
535,1996,75.0,84,9660,4,15,0,3,8,5,1997,3,1173.0,2199,3,9,516.0
536,1997,60.0,60,11000,2,15,0,4,9,5,2000,3,1519.0,2172,4,8,687.0
537,1998,20.0,136,11675,4,15,0,2,8,5,1998,1,1982.0,2006,2,5,938.0
538,1999,60.0,97,10990,1,15,0,4,7,5,1996,1,1064.0,2125,4,12,576.0
539,2000,60.0,60,11929,1,15,0,4,8,7,1995,1,1242.0,2501,4,9,751.0
540,2001,60.0,91,10010,4,15,0,4,7,5,1993,3,1080.0,2197,4,9,783.0
541,2002,20.0,74,13253,4,21,0,2,7,5,2006,1,1578.0,1578,3,7,642.0
542,2003,60.0,73,9801,4,21,0,4,8,5,2007,1,1341.0,1861,3,7,851.0
543,2004,60.0,80,9428,4,21,0,4,8,5,2007,3,955.0,1874,3,8,880.0
544,2005,20.0,87,10037,0,21,0,2,8,5,2006,3,1460.0,1460,3,6,480.0
545,2006,20.0,72,8640,4,21,0,2,8,5,2007,1,1363.0,1372,3,6,588.0
546,2007,20.0,85,10625,4,21,0,2,8,5,2007,1,1660.0,1660,3,7,660.0
547,2008,20.0,62,7500,4,21,0,2,7,5,2007,1,1218.0,1218,2,6,462.0
548,2009,60.0,68,10110,4,20,0,4,6,5,2003,1,835.0,1696,3,7,542.0
549,2010,60.0,67,12774,2,20,0,4,7,5,2003,1,835.0,1663,3,8,478.0
550,2011,20.0,63,13072,4,20,0,2,6,5,2005,1,1175.0,1175,3,6,0.0
551,2012,20.0,81,9260,0,20,0,2,7,5,2007,1,1162.0,1162,3,6,483.0
552,2013,60.0,65,8453,4,20,0,4,6,5,1995,1,754.0,1609,3,6,525.0
553,2014,60.0,50,8480,4,20,0,4,6,5,1993,1,886.0,1680,3,7,474.0
554,2015,60.0,43,14565,1,20,0,4,7,5,1994,1,832.0,1657,3,6,483.0
555,2016,60.0,65,8450,4,20,0,4,6,5,2001,1,827.0,1677,3,7,627.0
556,2017,60.0,75,8285,0,20,0,4,7,5,1992,1,836.0,1737,3,7,506.0
557,2018,20.0,70,9100,4,19,0,2,5,5,1963,3,984.0,984,3,5,384.0
558,2019,20.0,75,8100,4,19,0,2,5,8,1961,1,864.0,864,3,5,420.0
559,2020,190.0,65,8450,4,19,1,2,5,5,1968,1,890.0,890,3,5,308.0
560,2021,20.0,60,6360,4,19,0,2,5,5,1963,3,864.0,864,3,5,276.0
561,2022,20.0,95,19508,4,24,0,2,6,5,1974,1,1430.0,1430,3,6,484.0
562,2023,50.0,70,10759,0,19,0,0,5,4,1972,1,1001.0,1641,4,5,490.0
563,2024,60.0,60,9205,4,15,0,4,6,5,1990,3,930.0,2683,4,9,473.0
564,2025,60.0,105,11025,4,15,0,0,9,5,1993,3,1848.0,2786,4,10,636.0
565,2026,120.0,37,3435,0,21,4,2,7,5,2004,1,1235.0,1245,1,5,495.0
566,2027,160.0,30,3180,4,21,4,4,6,5,2005,1,600.0,1200,2,5,480.0
567,2028,160.0,30,3180,4,21,4,4,7,5,2007,1,689.0,1392,2,5,540.0
568,2029,160.0,24,2280,4,21,3,4,6,5,1999,1,744.0,1549,3,6,440.0
569,2030,120.0,60,4765,4,21,4,2,9,5,2000,3,1614.0,1638,2,5,495.0
570,2031,120.0,60,4538,4,21,4,2,9,5,2001,1,1310.0,1310,1,5,545.0
571,2032,120.0,42,4385,4,21,4,2,9,5,2001,1,1419.0,1419,2,5,588.0
572,2033,120.0,35,4109,4,21,4,2,9,5,1999,1,1557.0,1557,2,5,484.0
573,2034,160.0,24,2160,4,21,3,6,7,5,1999,1,672.0,1404,3,5,462.0
574,2035,60.0,79,10646,0,21,0,4,7,5,2001,1,858.0,1789,3,7,546.0
575,2036,160.0,24,2645,4,21,3,4,8,5,1999,1,960.0,1586,3,7,480.0
576,2037,160.0,24,2645,4,21,3,4,8,5,1999,1,960.0,1607,3,7,480.0
577,2038,160.0,36,3951,4,21,4,4,10,5,1998,1,970.0,2393,2,7,846.0
578,2039,120.0,22,11064,1,24,4,2,8,5,1995,3,1230.0,1239,1,4,477.0
579,2040,60.0,60,24572,1,24,0,4,9,3,1977,4,994.0,2944,3,9,864.0
580,2041,20.0,103,16280,4,24,0,2,8,9,1976,1,1426.0,1671,3,6,550.0
581,2042,60.0,60,7500,4,21,0,4,7,5,2002,1,952.0,1812,3,7,469.0
582,2043,80.0,60,11104,4,14,0,6,6,6,1969,1,1427.0,1427,4,7,516.0
583,2044,20.0,85,11050,4,14,0,2,6,5,1968,1,1740.0,1740,4,8,512.0
584,2045,20.0,60,15387,1,14,0,2,7,7,1967,1,1620.0,1620,4,8,578.0
585,2046,90.0,75,9750,4,14,2,2,5,6,1965,1,1625.0,1625,4,8,484.0
586,2047,60.0,73,8814,4,12,0,4,5,6,1968,1,732.0,1464,4,7,470.0
587,2048,20.0,65,8125,4,12,0,2,5,7,1965,3,912.0,925,3,5,576.0
588,2049,90.0,72,11072,4,12,2,2,5,5,1965,1,1728.0,1728,6,10,576.0
589,2050,60.0,60,13355,4,14,0,4,7,6,1971,1,825.0,1670,4,7,464.0
590,2051,20.0,74,7785,4,12,0,2,5,5,1956,1,0.0,1014,2,6,267.0
591,2052,20.0,90,9900,0,12,0,2,5,5,1961,1,1114.0,1114,3,5,451.0
592,2053,20.0,60,11332,0,12,0,2,5,7,1960,1,1118.0,1118,3,6,264.0
593,2054,70.0,50,4882,4,3,0,4,4,7,1937,1,348.0,906,2,5,231.0
594,2055,20.0,80,9600,4,12,0,2,5,6,1960,1,1296.0,1496,3,6,450.0
595,2056,20.0,80,9600,4,12,0,2,5,8,1950,1,572.0,1337,3,7,264.0
596,2057,20.0,63,7584,4,12,0,2,5,5,1953,3,1036.0,1036,3,5,312.0
597,2058,60.0,90,14670,4,12,0,4,6,7,1966,1,1104.0,1988,4,9,480.0
598,2059,20.0,74,8856,4,12,0,2,5,4,1957,1,1176.0,1176,3,6,292.0
599,2060,20.0,82,9840,4,12,0,2,5,7,1959,1,1248.0,1440,2,7,480.0
600,2061,20.0,90,13200,4,12,0,2,6,6,1958,1,1395.0,1570,3,5,441.0
601,2062,20.0,75,10425,4,12,0,2,5,5,1956,1,1104.0,1104,3,5,384.0
602,2063,20.0,60,11556,4,12,0,2,5,6,1952,1,720.0,882,2,4,240.0
603,2064,20.0,102,9373,0,12,0,2,5,6,1953,1,1152.0,1152,3,6,636.0
604,2065,20.0,60,12774,4,12,0,2,5,5,1953,3,984.0,950,2,5,400.0
605,2066,20.0,95,14250,4,12,0,2,6,5,1957,1,998.0,1790,3,6,540.0
606,2067,20.0,71,8838,4,12,0,2,5,3,1957,1,0.0,1764,4,7,301.0
607,2068,90.0,76,12436,4,12,2,2,5,5,1957,1,1824.0,1824,5,9,484.0
608,2069,20.0,60,10122,4,17,0,2,4,6,1948,1,0.0,869,1,3,390.0
609,2070,50.0,45,7506,0,17,0,0,5,8,1925,1,747.0,1159,3,5,288.0
610,2071,30.0,60,5400,0,17,0,2,4,7,1940,2,672.0,672,2,4,308.0
611,2072,50.0,60,10836,4,17,0,0,5,5,1922,1,892.0,1436,3,7,1488.0
612,2073,20.0,78,10180,0,12,0,2,5,6,1968,1,912.0,1044,3,5,372.0
613,2074,20.0,76,11355,0,12,0,2,7,7,1958,1,1312.0,1312,3,6,495.0
614,2075,20.0,60,12929,4,12,0,2,6,6,1960,1,1081.0,1081,3,5,401.0
615,2076,20.0,60,7200,4,12,0,2,5,7,1951,1,876.0,876,2,5,576.0
616,2077,20.0,80,8000,4,12,0,2,5,6,1959,1,1256.0,1256,3,6,311.0
617,2078,20.0,80,8000,4,12,0,2,5,5,1962,1,1027.0,1027,3,6,299.0
618,2079,50.0,60,8064,4,12,0,0,6,6,1948,1,768.0,1320,3,5,576.0
619,2080,45.0,64,6390,0,12,0,1,6,7,1954,1,936.0,984,2,4,280.0
620,2081,50.0,60,7200,4,12,0,0,6,5,1954,1,854.0,1278,4,6,240.0
621,2082,90.0,113,8513,0,12,2,2,5,5,1961,1,1800.0,1800,6,10,0.0
622,2083,50.0,60,7200,4,12,0,0,5,6,1955,1,768.0,1588,3,6,480.0
623,2084,20.0,60,7200,4,12,0,2,5,7,1954,1,825.0,825,2,4,350.0
624,2085,20.0,69,7590,4,12,0,2,5,5,1963,1,1117.0,1117,3,6,264.0
625,2086,20.0,56,9836,4,17,0,2,6,5,2008,1,192.0,1133,3,7,308.0
626,2087,50.0,57,9184,4,17,0,0,5,7,1948,1,780.0,1323,3,6,400.0
627,2088,70.0,80,4800,4,17,0,4,5,5,1910,1,680.0,1360,2,6,330.0
628,2089,30.0,60,4800,0,17,0,2,5,4,1940,1,672.0,672,2,4,256.0
629,2090,75.0,60,6000,4,17,0,3,6,7,1915,1,728.0,1456,4,7,308.0
630,2091,190.0,63,11426,4,17,1,0,4,6,1910,1,828.0,1594,3,9,0.0
631,2092,50.0,63,7628,4,17,0,0,4,6,1940,1,801.0,1656,2,8,440.0
632,2093,50.0,81,7308,0,17,0,0,5,5,1920,1,936.0,1740,2,6,225.0
633,2094,30.0,60,5400,4,17,0,2,7,6,1920,1,931.0,1027,2,5,0.0
634,2095,190.0,60,10800,4,17,1,0,6,6,1940,1,884.0,1436,3,8,828.0
635,2096,30.0,60,6756,4,17,0,2,5,6,1910,4,481.0,899,2,5,200.0
636,2097,50.0,44,5914,4,17,0,0,5,9,1890,1,684.0,1080,3,5,0.0
637,2098,50.0,75,9000,0,17,0,0,5,6,1946,1,904.0,1499,3,5,869.0
638,2099,20.0,62,7311,0,17,0,2,2,5,1946,1,407.0,407,1,3,297.0
639,2100,20.0,103,12205,4,17,0,2,3,1,1949,1,448.0,1588,5,6,0.0
640,2101,190.0,69,9142,4,17,1,4,5,5,1900,1,797.0,1627,4,10,420.0
641,2102,75.0,53,5350,0,17,0,4,7,8,1920,1,624.0,1450,3,7,288.0
642,2103,50.0,69,9143,0,17,0,0,5,7,1900,1,346.0,1017,2,5,308.0
643,2104,190.0,60,9600,4,17,1,4,5,5,1920,1,973.0,2350,4,10,393.0
644,2105,70.0,60,6000,0,17,0,4,5,9,1905,1,572.0,1540,3,7,0.0
645,2106,70.0,60,11340,4,17,0,4,2,1,1920,1,723.0,1086,2,5,400.0
646,2107,70.0,60,10800,4,17,0,4,7,7,1890,1,1313.0,2495,5,10,342.0
647,2108,20.0,65,9750,4,17,0,2,5,6,1959,1,984.0,984,2,5,308.0
648,2109,20.0,52,8516,4,17,0,2,4,6,1958,1,869.0,1093,2,5,308.0
649,2110,30.0,55,7111,4,3,0,2,5,7,1928,1,1008.0,1143,2,5,288.0
650,2111,50.0,60,7425,0,3,0,0,7,7,1945,1,672.0,1668,3,8,252.0
651,2112,50.0,60,7010,4,3,0,0,5,5,1935,1,1024.0,1738,3,6,240.0
652,2113,50.0,50,5000,4,3,0,0,5,7,1941,1,672.0,1210,3,6,240.0
653,2114,70.0,59,5870,0,3,0,4,6,9,1900,1,554.0,1290,3,6,200.0
654,2115,50.0,50,6000,4,3,0,0,6,7,1940,1,981.0,1672,3,6,240.0
655,2116,30.0,50,6000,4,3,0,2,5,7,1924,1,949.0,949,2,5,370.0
656,2117,50.0,50,6000,4,3,0,0,6,7,1937,1,825.0,1497,3,5,672.0
657,2118,50.0,50,6000,4,3,0,0,6,5,1939,1,739.0,1342,2,7,240.0
658,2119,45.0,50,5000,4,3,0,1,6,7,1926,1,992.0,1013,3,6,160.0
659,2120,50.0,60,5520,2,3,0,0,5,7,1920,1,565.0,1216,3,6,355.0
660,2121,20.0,99,5940,3,3,0,2,4,7,1946,1,1046.1179698216736,896,2,4,280.0
661,2122,50.0,52,6240,4,3,0,0,4,7,1929,1,704.0,1136,2,6,336.0
662,2123,30.0,60,6120,4,3,0,2,5,6,1945,1,0.0,808,1,6,164.0
663,2124,50.0,52,6240,4,3,0,0,7,5,1939,1,989.0,2009,4,7,400.0
664,2125,70.0,51,6120,4,17,0,4,5,5,1923,2,1100.0,1902,4,7,576.0
665,2126,50.0,60,9144,4,3,0,0,6,4,1915,1,810.0,1716,4,8,672.0
666,2127,60.0,57,8094,4,17,1,3,6,8,1910,1,1242.0,1984,5,8,360.0
667,2128,50.0,63,4347,4,17,0,0,6,8,1910,2,796.0,1609,3,7,228.0
668,2129,30.0,60,6291,4,9,0,2,6,6,1930,1,768.0,768,1,4,440.0
669,2130,70.0,60,10266,4,9,0,4,6,6,1952,1,768.0,1536,4,7,308.0
670,2131,50.0,60,6876,4,9,0,0,6,6,1938,1,1272.0,1969,4,9,400.0
671,2132,50.0,60,10320,4,9,0,0,5,6,1915,1,880.0,1308,2,6,400.0
672,2133,30.0,60,7200,0,9,0,2,6,7,1925,1,1040.0,1040,2,5,320.0
673,2134,50.0,62,7006,4,9,0,0,6,6,1925,1,768.0,1236,3,6,384.0
674,2135,30.0,60,10320,4,9,0,2,5,8,1912,1,451.0,759,1,5,576.0
675,2136,190.0,60,10320,4,9,1,4,3,3,1915,1,536.0,1344,3,8,0.0
676,2137,20.0,82,9488,4,19,0,2,5,6,1947,1,1046.0,1054,3,6,240.0
677,2138,85.0,60,11235,0,19,0,5,5,6,1963,1,981.0,1075,3,6,440.0
678,2139,80.0,80,13014,4,19,0,6,6,5,1978,1,1008.0,1096,3,6,484.0
679,2140,20.0,68,10265,4,19,0,2,5,7,1967,1,992.0,992,3,6,294.0
680,2141,85.0,60,7703,1,19,0,5,6,8,1978,1,450.0,1034,3,6,504.0
681,2142,20.0,60,9981,0,19,0,2,5,5,1967,1,1073.0,1073,3,6,270.0
682,2143,85.0,60,7400,1,19,0,5,5,5,1984,1,1060.0,1126,2,5,506.0
683,2144,190.0,60,12900,4,19,1,2,5,4,1920,1,1300.0,1140,3,6,400.0
684,2145,20.0,94,9239,4,19,0,2,5,8,1963,1,960.0,960,3,6,300.0
685,2146,20.0,88,14175,4,19,0,2,6,8,1956,1,988.0,1188,1,4,621.0
686,2147,190.0,60,10532,0,4,0,2,5,3,1960,0,988.0,1721,3,7,626.0
687,2148,50.0,63,8375,0,19,0,0,5,7,1941,1,576.0,1350,2,6,627.0
688,2149,80.0,60,10200,4,19,0,6,5,8,1970,3,864.0,904,3,5,912.0
689,2150,20.0,82,20270,1,4,0,2,7,6,1979,1,1524.0,1524,3,7,478.0
690,2151,50.0,50,5190,4,7,0,0,7,5,1948,1,570.0,1079,2,5,249.0
691,2152,30.0,85,19550,4,7,0,2,5,7,1940,0,1580.0,1518,2,5,0.0
692,2153,20.0,68,9571,4,7,0,2,5,6,1956,3,1509.0,1509,3,6,322.0
693,2154,90.0,50,9350,4,7,2,5,5,5,1975,1,864.0,864,2,4,0.0
694,2155,60.0,50,9360,0,7,0,4,6,8,1962,1,621.0,1269,3,7,280.0
695,2156,60.0,60,9771,0,20,0,4,6,5,1995,1,1077.0,2814,4,9,614.0
696,2157,20.0,80,9938,4,20,0,2,7,5,1994,1,1602.0,1626,3,7,534.0
697,2158,60.0,60,14171,1,20,0,4,7,5,1993,1,812.0,2200,4,9,453.0
698,2159,80.0,85,10541,0,20,0,6,7,5,1996,1,672.0,2037,3,8,472.0
699,2160,60.0,65,10616,4,5,0,4,7,5,2007,1,628.0,1356,3,6,484.0
700,2161,20.0,65,9345,4,5,0,2,8,5,2007,1,1615.0,1615,3,7,864.0
701,2162,20.0,91,11778,4,5,0,2,9,5,2008,3,2271.0,2276,3,7,1348.0
702,2163,20.0,91,11778,4,5,0,2,9,5,2008,3,1751.0,1766,3,8,874.0
703,2164,80.0,60,11454,0,20,0,6,8,5,1995,1,1401.0,1511,3,6,811.0
704,2165,20.0,60,11500,1,4,0,2,6,6,1966,0,1182.0,1643,2,6,438.0
705,2166,20.0,65,9750,4,5,0,2,5,7,1994,1,990.0,990,3,5,528.0
706,2167,20.0,60,8696,4,5,0,2,7,5,1997,1,1418.0,1418,3,5,558.0
707,2168,60.0,60,13142,0,5,0,4,6,5,1997,1,864.0,1771,3,6,600.0
708,2169,60.0,68,8998,4,5,0,4,7,5,2000,1,782.0,1652,3,6,532.0
709,2170,60.0,75,12192,4,5,0,4,7,5,2000,1,928.0,1823,3,6,626.0
710,2171,20.0,60,12250,4,5,0,2,5,6,1978,1,864.0,1174,3,5,528.0
711,2172,20.0,60,9216,4,5,0,2,5,6,1975,1,1076.0,1076,3,5,576.0
712,2173,20.0,40,14330,1,5,0,2,5,6,1975,1,864.0,1558,2,5,440.0
713,2174,60.0,60,10400,4,5,0,4,7,5,2001,1,1257.0,2161,3,8,570.0
714,2175,60.0,60,9720,1,5,0,4,9,5,2001,1,1357.0,1947,3,7,725.0
715,2176,20.0,60,14860,1,5,0,2,8,5,2002,3,1778.0,1786,3,6,715.0
716,2177,60.0,41,10905,1,5,0,4,7,5,2003,1,1129.0,2327,4,9,596.0
717,2178,60.0,96,11690,4,5,0,4,8,5,1999,1,850.0,1764,3,7,560.0
718,2179,120.0,60,4426,4,5,4,2,6,5,2004,1,848.0,848,1,3,420.0
719,2180,90.0,83,10126,0,5,2,5,6,5,1997,1,1838.0,1838,2,8,721.0
720,2181,20.0,75,9750,4,5,0,2,7,5,2004,1,1445.0,1445,3,6,470.0
721,2182,20.0,85,11058,0,5,0,2,7,6,2007,1,1564.0,1564,3,6,814.0
722,2183,20.0,74,9627,4,5,0,2,7,5,2007,1,1351.0,1361,3,6,610.0
723,2184,20.0,75,9825,4,7,0,2,5,5,1966,3,1092.0,1092,3,6,264.0
724,2185,85.0,64,12102,4,7,0,5,5,5,1976,1,456.0,1033,3,6,504.0
725,2186,20.0,65,6500,4,7,0,2,6,6,1976,3,1127.0,1127,3,6,480.0
726,2187,80.0,60,9638,1,7,0,6,6,6,1977,3,1029.0,1117,3,6,542.0
727,2188,60.0,72,7200,4,7,0,4,6,7,1976,3,684.0,1398,3,6,440.0
728,2189,20.0,123,47007,4,7,0,2,5,7,1959,1,0.0,3820,5,11,624.0
729,2190,90.0,65,6012,0,7,2,2,4,5,1955,1,0.0,1152,2,6,0.0
730,2191,90.0,74,6845,4,7,2,2,4,5,1955,1,0.0,1152,2,6,0.0
731,2192,190.0,56,6931,4,7,1,2,4,5,1955,3,784.0,784,2,4,0.0
732,2193,50.0,60,12180,4,7,0,0,5,7,1938,1,585.0,1053,2,5,0.0
733,2194,50.0,57,8050,4,7,0,0,5,8,1947,1,0.0,1137,4,8,0.0
734,2195,20.0,68,9520,4,7,0,2,4,5,1953,1,911.0,930,2,5,286.0
735,2196,80.0,62,7692,4,7,0,6,4,6,1954,1,416.0,1204,3,6,312.0
736,2197,30.0,67,5142,4,7,0,0,4,7,1923,1,949.0,1292,3,6,205.0
737,2198,30.0,60,7290,0,18,0,2,7,8,1921,1,1228.0,1424,2,7,312.0
738,2199,90.0,64,7804,4,18,2,3,6,7,1930,1,960.0,1920,4,10,480.0
739,2200,70.0,66,8969,4,6,0,4,6,6,1926,2,644.0,1316,2,6,369.0
740,2201,50.0,63,15564,4,6,0,0,6,6,1914,1,676.0,1264,3,6,400.0
741,2202,70.0,54,7609,0,6,0,4,8,9,1925,1,798.0,1512,3,7,180.0
742,2203,70.0,60,9650,0,6,0,4,6,3,1923,3,784.0,1603,4,7,599.0
743,2204,50.0,60,11700,4,6,0,0,5,6,1937,1,942.0,1938,4,7,240.0
744,2205,50.0,60,9260,4,6,0,0,5,4,1938,1,884.0,1374,3,6,225.0
745,2206,20.0,79,7801,0,6,0,2,6,5,1951,3,1091.0,1091,2,5,344.0
746,2207,70.0,100,9670,4,6,0,4,8,6,1935,1,608.0,1873,4,9,786.0
747,2208,50.0,70,12392,4,6,0,0,7,9,1950,1,832.0,2161,3,8,506.0
748,2209,20.0,56,26073,1,6,0,2,5,5,1956,1,1898.0,1898,3,7,484.0
749,2210,160.0,24,1879,1,1,3,4,6,6,1980,1,516.0,1032,2,5,462.0
750,2211,30.0,50,7000,4,9,0,2,6,8,1926,1,894.0,919,2,5,195.0
751,2212,50.0,60,6000,4,9,0,0,6,8,1940,1,720.0,1090,3,5,240.0
752,2213,50.0,58,8155,4,9,0,0,5,7,1930,1,780.0,1200,4,7,0.0
753,2214,80.0,75,6000,4,9,0,6,5,5,1967,3,624.0,1656,3,7,288.0
754,2215,30.0,60,7392,4,9,0,2,5,7,1930,1,520.0,912,2,5,360.0
755,2216,50.0,75,9000,4,9,0,0,5,5,1958,1,1151.0,1955,4,7,356.0
756,2217,20.0,80,14584,4,9,0,2,1,5,1952,1,0.0,733,2,4,487.0
757,2218,70.0,60,5280,0,9,0,4,4,7,1895,1,173.0,1361,2,6,185.0
758,2219,50.0,52,5150,0,9,0,0,4,7,1910,1,356.0,1049,2,5,195.0
759,2220,70.0,60,9000,4,9,0,4,4,6,1920,1,592.0,864,3,5,216.0
760,2221,120.0,44,3843,4,6,4,2,8,5,2007,3,1596.0,1648,2,5,525.0
761,2222,120.0,44,3811,4,6,4,2,7,5,2004,3,1594.0,1646,2,5,482.0
762,2223,20.0,60,23730,4,11,0,2,7,5,1996,1,1840.0,2032,3,7,786.0
763,2224,60.0,60,11050,4,11,0,4,7,5,1996,1,910.0,1820,3,8,816.0
764,2225,90.0,76,10260,4,11,2,4,5,4,1976,1,0.0,1872,4,8,484.0
765,2226,20.0,74,9990,4,11,0,2,4,5,1991,1,1680.0,1689,3,6,432.0
766,2227,120.0,42,4084,4,23,4,2,7,6,1986,1,1277.0,1501,2,6,512.0
767,2228,20.0,74,11563,4,23,0,2,8,5,2006,3,1518.0,1537,3,8,788.0
768,2229,60.0,107,12852,0,23,0,4,8,5,2007,1,920.0,1780,3,6,612.0
769,2230,80.0,73,9802,4,23,0,6,5,5,2006,1,352.0,1442,3,6,400.0
770,2231,60.0,81,12018,0,23,0,4,7,5,2008,1,796.0,1612,3,6,666.0
771,2232,20.0,75,12890,4,23,0,2,6,5,1989,1,1495.0,1495,3,8,438.0
772,2233,20.0,93,18265,0,23,0,2,6,5,1986,1,1256.0,1256,3,6,578.0
773,2234,20.0,82,11202,4,23,0,2,8,5,2003,3,1432.0,1440,3,7,467.0
774,2235,20.0,60,7915,4,23,0,2,6,5,1999,3,1666.0,1675,3,6,435.0
775,2236,20.0,79,11449,4,23,0,2,8,5,2007,1,1884.0,1728,3,7,520.0
776,2237,20.0,85,11447,4,23,0,2,8,5,2005,1,1964.0,1964,3,7,892.0
777,2238,90.0,97,8940,0,11,2,5,7,5,1997,1,1344.0,1344,2,8,784.0
778,2239,20.0,77,9278,2,11,0,2,5,5,2007,1,1092.0,1092,2,5,0.0
779,2240,120.0,32,4500,2,11,4,2,6,5,1997,3,1189.0,1189,2,4,392.0
780,2241,85.0,150,14137,0,11,0,5,4,5,1964,1,1200.0,1200,3,6,850.0
781,2242,120.0,60,4224,4,10,4,2,5,6,1975,1,1040.0,1040,3,6,499.0
782,2243,160.0,41,2665,4,10,4,4,5,7,1976,1,550.0,1475,4,6,336.0
783,2244,180.0,21,1974,4,10,3,5,4,7,1973,1,526.0,988,2,5,297.0
784,2245,180.0,21,1596,4,10,3,6,4,6,1973,1,462.0,988,1,4,297.0
785,2246,20.0,60,17979,0,11,0,2,5,6,1968,1,1113.0,1160,3,6,257.0
786,2247,160.0,21,1477,4,10,3,4,6,9,1970,1,546.0,1092,3,6,0.0
787,2248,20.0,59,6490,4,11,0,2,5,7,1983,1,816.0,816,2,4,264.0
788,2249,20.0,60,6600,4,11,0,2,5,6,1982,1,845.0,845,3,6,264.0
789,2250,20.0,74,12395,0,11,0,2,5,6,1984,1,864.0,889,3,6,484.0
790,2251,70.0,60,56600,4,9,0,3,5,1,1900,3,686.0,1836,4,7,288.0
791,2252,20.0,85,10667,4,12,0,2,6,6,1971,1,1587.0,1587,3,7,525.0
792,2253,80.0,56,8872,4,8,0,6,6,5,1997,1,384.0,1384,3,7,390.0
793,2254,80.0,60,10147,1,8,0,6,6,5,1994,1,392.0,1694,3,7,398.0
794,2255,60.0,60,8637,4,8,0,4,6,5,1999,1,923.0,1714,3,7,451.0
795,2256,60.0,63,7875,4,8,0,4,7,5,1996,1,691.0,1553,3,6,420.0
796,2257,60.0,60,7500,4,8,0,4,6,5,1999,1,938.0,2299,5,7,482.0
797,2258,20.0,60,9556,0,8,0,2,7,5,1992,1,1168.0,1187,3,6,420.0
798,2259,60.0,60,7655,1,8,0,4,6,5,1993,1,903.0,1642,3,7,392.0
799,2260,20.0,160,18160,4,8,0,2,6,6,1964,1,1302.0,1128,3,6,480.0
800,2261,120.0,38,4740,4,22,4,2,8,5,1988,1,1166.0,1179,2,5,480.0
801,2262,120.0,35,5118,4,22,4,2,8,5,1990,1,1312.0,1321,1,4,484.0
802,2263,60.0,98,12328,4,22,0,4,8,5,2005,3,1149.0,2541,4,10,729.0
803,2264,20.0,52,51974,1,22,0,2,9,5,2006,3,2660.0,2338,4,8,1110.0
804,2265,190.0,195,41600,2,8,1,2,5,5,1969,1,1100.0,1424,3,7,828.0
805,2266,120.0,61,8035,4,22,4,2,9,5,2006,1,1612.0,1612,2,6,556.0
806,2267,20.0,85,14082,4,22,0,2,8,5,2006,3,2220.0,2234,1,7,724.0
807,2268,20.0,81,13870,4,22,0,2,10,5,2006,3,1742.0,2042,3,8,724.0
808,2269,20.0,60,10960,4,14,0,2,6,5,1984,3,1284.0,1284,3,5,480.0
809,2270,60.0,78,12090,4,14,0,4,7,7,1981,1,725.0,1479,3,6,484.0
810,2271,20.0,93,12299,4,14,0,2,7,6,1978,1,1529.0,1664,3,7,663.0
811,2272,60.0,61,11339,4,14,0,4,7,5,1979,3,780.0,1930,4,9,481.0
812,2273,20.0,79,11850,2,14,0,2,6,6,1984,1,1153.0,1177,3,6,495.0
813,2274,20.0,80,10400,4,14,0,2,6,5,1979,1,1259.0,1353,2,5,478.0
814,2275,20.0,128,13001,4,14,0,2,6,5,1971,3,1625.0,1220,2,6,944.0
815,2276,80.0,64,8991,1,14,0,6,7,6,1976,1,1228.0,1324,3,5,585.0
816,2277,60.0,80,8000,4,14,0,4,6,6,1974,1,1084.0,1877,4,8,488.0
817,2278,20.0,63,9457,4,12,0,2,5,6,1970,1,925.0,1422,3,7,576.0
818,2279,20.0,66,7920,4,12,0,2,5,5,1970,1,914.0,914,3,5,368.0
819,2280,20.0,60,17199,2,12,0,2,4,7,1961,1,914.0,914,2,4,270.0
820,2281,120.0,33,4113,4,12,4,2,6,5,2001,1,1337.0,1337,2,5,511.0
821,2282,120.0,26,10943,2,12,4,2,6,5,1997,1,1405.0,1337,2,5,522.0
822,2283,160.0,21,2205,4,2,3,4,6,6,1973,1,525.0,1092,3,6,264.0
823,2284,160.0,21,2058,4,2,3,4,6,5,1973,1,672.0,1218,4,7,264.0
824,2285,120.0,24,2304,4,13,3,2,7,7,1978,1,1061.0,1055,2,4,319.0
825,2286,20.0,65,7150,4,12,0,2,5,6,1966,3,988.0,988,3,5,360.0
826,2287,20.0,96,12469,2,16,0,2,9,5,2006,3,1790.0,1816,3,7,730.0
827,2288,20.0,91,11825,4,16,0,2,8,5,2006,1,1694.0,1694,3,7,856.0
828,2289,20.0,110,14333,0,16,0,2,8,5,2007,1,2108.0,2122,2,7,938.0
829,2290,60.0,107,13641,4,16,0,4,9,5,2007,3,1934.0,2656,3,8,1040.0
830,2291,60.0,110,13440,4,16,0,4,8,5,2006,3,1108.0,2550,4,11,670.0
831,2292,20.0,105,15431,4,16,0,2,10,5,2005,3,1994.0,2046,2,7,878.0
832,2293,20.0,107,13891,4,16,0,2,9,5,2007,3,2552.0,2552,3,8,932.0
833,2294,60.0,118,13654,1,16,0,4,9,5,2005,1,1704.0,2758,4,9,814.0
834,2295,20.0,59,17169,1,16,0,2,10,5,2007,3,2320.0,2290,2,7,1174.0
835,2296,60.0,134,16659,0,16,0,4,8,5,2007,1,1582.0,2152,3,7,728.0
836,2297,60.0,82,9709,4,16,0,4,8,5,2007,1,918.0,2100,3,8,786.0
837,2298,20.0,94,13615,0,16,0,2,9,5,2006,3,1802.0,1802,3,7,843.0
838,2299,60.0,99,13069,4,16,0,4,8,5,2004,1,1706.0,2956,5,11,916.0
839,2300,60.0,110,14277,4,16,0,4,8,5,2003,1,1317.0,2385,3,7,818.0
840,2301,60.0,60,12568,4,16,0,4,8,5,2007,3,895.0,1818,3,8,774.0
841,2302,20.0,70,9926,4,16,0,2,7,5,2005,1,1614.0,1614,3,7,878.0
842,2303,20.0,71,9254,4,16,0,2,8,5,2005,1,1721.0,1721,3,7,554.0
843,2304,60.0,92,10732,0,16,0,4,8,5,2006,1,1298.0,1828,3,7,876.0
844,2305,120.0,34,3901,4,16,3,2,6,5,2005,1,1302.0,1302,1,5,631.0
845,2306,120.0,34,3903,4,16,3,2,6,5,2005,1,1302.0,1302,1,5,631.0
846,2307,120.0,41,6289,4,16,4,2,6,5,2005,1,1362.0,1362,2,6,460.0
847,2308,120.0,34,4590,4,16,3,2,8,5,2006,1,1554.0,1554,2,6,627.0
848,2309,120.0,48,7841,4,16,4,2,9,5,2005,3,1577.0,1577,2,6,564.0
849,2310,120.0,48,6240,4,16,4,2,8,5,2006,3,1324.0,1324,2,6,550.0
850,2311,120.0,48,3242,4,16,4,2,7,5,2003,1,1405.0,1405,2,6,478.0
851,2312,60.0,59,15810,4,8,0,4,6,5,2007,1,768.0,1496,3,7,572.0
852,2313,60.0,65,10237,4,8,0,4,6,5,2005,1,768.0,1536,3,6,400.0
853,2314,60.0,58,13204,4,8,0,4,7,5,2006,1,608.0,1458,3,6,454.0
854,2315,60.0,62,8857,4,8,0,4,6,5,2006,1,738.0,1495,3,7,440.0
855,2316,60.0,63,9729,4,8,0,4,6,5,2006,1,698.0,1746,3,6,350.0
856,2317,20.0,88,12216,0,8,0,2,6,5,2005,1,1326.0,1326,3,6,388.0
857,2318,60.0,72,8229,4,8,0,4,6,5,2007,1,752.0,1504,3,6,440.0
858,2319,60.0,64,7713,4,8,0,4,7,5,2007,1,728.0,1456,3,7,400.0
859,2320,20.0,64,7697,4,8,0,2,7,6,2007,1,1246.0,1258,3,6,462.0
860,2321,120.0,60,3621,4,0,4,2,8,5,2003,3,1406.0,1589,2,7,630.0
861,2322,20.0,53,3710,4,0,0,2,7,5,2007,1,1266.0,1266,2,6,388.0
862,2323,80.0,65,16219,4,8,0,6,7,5,2004,1,835.0,1119,2,5,437.0
863,2324,80.0,87,11084,0,8,0,6,7,5,2004,1,384.0,1374,3,8,400.0
864,2325,20.0,59,10936,4,8,0,2,7,5,2006,1,1510.0,1525,3,6,534.0
865,2326,80.0,60,11950,0,8,0,6,7,5,2003,1,384.0,1394,3,7,400.0
866,2327,60.0,63,7875,4,8,0,4,7,5,2003,1,847.0,1948,4,8,434.0
867,2328,60.0,60,8740,4,8,0,4,7,5,2002,1,854.0,1995,4,8,435.0
868,2329,60.0,58,9487,4,8,0,4,6,5,2000,1,915.0,1690,3,7,442.0
869,2330,60.0,59,9649,4,8,0,4,6,5,1999,1,941.0,1644,3,7,460.0
870,2331,60.0,100,12191,4,15,0,4,8,5,1997,3,1779.0,2551,4,8,925.0
871,2332,60.0,89,10557,4,15,0,4,9,5,1998,1,1408.0,3078,4,9,806.0
872,2333,60.0,74,11002,4,15,0,4,8,5,1998,1,1389.0,2582,4,9,758.0
873,2334,60.0,83,10790,4,15,0,4,7,5,1998,1,1066.0,2385,4,8,600.0
874,2335,60.0,88,11762,4,15,0,4,8,5,1992,1,1105.0,2202,4,9,517.0
875,2336,60.0,82,9044,4,15,0,4,8,5,1996,1,1325.0,2538,4,8,933.0
876,2337,20.0,75,9910,4,21,0,2,7,6,2007,1,1369.0,1369,3,5,605.0
877,2338,20.0,91,11830,4,21,0,2,8,5,2007,1,1542.0,1542,3,6,852.0
878,2339,20.0,76,10612,4,21,0,2,8,5,2006,1,1524.0,1534,3,7,484.0
879,2340,20.0,98,12291,4,21,0,2,10,5,2007,3,1966.0,1966,1,6,1092.0
880,2341,20.0,85,9965,2,21,0,2,7,5,2007,1,1528.0,1528,3,6,480.0
881,2342,20.0,74,8847,4,21,0,2,8,5,2005,1,1538.0,1538,3,7,484.0
882,2343,20.0,70,8251,4,21,0,2,7,5,2005,1,1494.0,1506,3,7,672.0
883,2344,60.0,70,9605,4,21,0,4,7,5,2006,1,982.0,1977,3,7,574.0
884,2345,60.0,75,8778,4,21,0,4,8,5,2006,1,1302.0,1830,3,7,859.0
885,2346,20.0,72,8640,4,21,0,2,8,5,2007,1,1338.0,1338,3,6,598.0
886,2347,20.0,75,9000,4,21,0,2,7,5,2006,1,1335.0,1335,3,6,575.0
887,2348,60.0,72,8640,4,21,0,4,8,5,2007,1,896.0,1792,3,8,590.0
888,2349,60.0,81,10411,0,21,0,4,5,5,2007,1,725.0,1588,3,8,561.0
889,2350,60.0,112,12217,4,21,0,4,8,5,2007,3,955.0,1880,3,8,880.0
890,2351,20.0,84,10440,0,21,0,2,8,5,2007,1,1574.0,1584,2,6,594.0
891,2352,20.0,100,11824,0,21,0,2,8,5,2006,1,1685.0,1685,2,5,658.0
892,2353,60.0,85,10625,4,21,0,4,6,5,2004,1,1158.0,2443,4,9,744.0
893,2354,20.0,63,7500,4,20,0,2,6,5,2006,1,1100.0,1100,3,6,0.0
894,2355,20.0,63,7500,4,20,0,2,7,5,2006,1,1143.0,1143,3,5,0.0
895,2356,20.0,60,12450,4,20,0,2,5,5,2003,1,1094.0,1094,3,6,576.0
896,2357,20.0,65,7441,4,20,0,2,7,5,2006,1,1461.0,1486,3,7,566.0
897,2358,60.0,60,11613,0,20,0,4,6,5,1993,1,864.0,1820,3,7,492.0
898,2359,160.0,50,8012,4,20,4,4,6,5,1980,1,630.0,1266,2,5,283.0
899,2360,20.0,64,6285,4,19,0,2,5,5,1977,1,894.0,894,2,5,308.0
900,2361,20.0,84,7476,0,19,0,2,5,7,1968,1,1040.0,1040,3,5,686.0
901,2362,60.0,60,19522,4,24,0,4,7,5,1990,1,1223.0,2503,3,7,564.0
902,2363,20.0,44,10751,1,19,0,2,5,5,1974,1,1037.0,1037,2,5,431.0
903,2364,20.0,43,12712,1,19,0,2,6,7,1973,1,1044.0,1055,2,5,542.0
904,2365,120.0,45,4379,2,21,4,2,8,5,2004,1,1378.0,1378,2,6,540.0
905,2366,120.0,80,3523,4,21,4,2,8,5,2006,1,1141.0,1151,2,5,484.0
906,2367,120.0,32,3784,4,21,4,2,8,5,2006,1,1511.0,1565,2,5,476.0
907,2368,120.0,40,3606,4,21,4,2,7,5,2006,1,1352.0,1352,2,5,466.0
908,2369,120.0,30,5330,4,21,4,2,8,5,2006,1,1550.0,1550,2,5,528.0
909,2370,160.0,24,2280,4,21,3,4,6,5,1999,1,744.0,1501,3,6,440.0
910,2371,160.0,24,2117,4,21,3,4,6,5,2000,1,756.0,1573,3,4,440.0
911,2372,20.0,73,7321,4,21,0,2,7,5,1999,1,1339.0,1358,3,5,625.0
912,2373,60.0,60,8010,4,21,0,4,8,5,2003,3,1054.0,2048,3,8,552.0
913,2374,60.0,106,8413,4,21,0,4,8,5,1998,1,1220.0,2362,3,8,1105.0
914,2375,120.0,50,9466,2,24,4,2,8,5,1994,1,1494.0,1494,1,5,478.0
915,2376,20.0,80,12000,4,24,0,2,7,6,1980,3,2002.0,2362,3,8,546.0
916,2377,20.0,94,17778,4,24,0,2,8,5,1981,3,2461.0,2497,2,7,676.0
917,2378,20.0,78,11700,4,14,0,2,6,6,1968,1,912.0,1152,3,7,412.0
918,2379,60.0,80,8000,4,14,0,4,6,6,1970,1,1008.0,2411,4,8,570.0
919,2380,85.0,60,8723,4,14,0,5,6,6,1969,1,973.0,1082,3,6,480.0
920,2381,20.0,130,11700,0,14,0,2,6,5,1968,1,1295.0,1295,3,6,528.0
921,2382,20.0,108,11358,0,14,0,2,7,7,1972,3,1124.0,1610,3,8,515.0
922,2383,20.0,80,9547,4,14,0,2,7,6,1993,1,1594.0,1594,2,6,472.0
923,2384,60.0,78,10530,4,14,0,4,7,6,1993,1,1148.0,2075,3,8,473.0
924,2385,20.0,88,10738,0,14,0,2,6,7,1966,3,1093.0,1093,3,6,484.0
925,2386,20.0,80,10800,4,14,0,2,6,5,1963,1,1052.0,1052,3,6,311.0
926,2387,20.0,70,8050,4,12,0,2,5,6,1967,1,949.0,1107,3,5,308.0
927,2388,90.0,60,10899,4,12,2,2,4,5,1964,1,0.0,1224,2,8,530.0
928,2389,20.0,74,7450,4,12,0,2,5,5,1956,3,894.0,1074,2,6,396.0
929,2390,20.0,60,14357,1,12,0,2,5,5,1961,3,864.0,1187,2,6,440.0
930,2391,20.0,76,8243,1,12,0,2,5,7,1961,1,964.0,964,3,5,784.0
931,2392,20.0,70,8680,4,12,0,2,5,7,1960,3,894.0,894,3,5,312.0
932,2393,20.0,80,8800,4,12,0,2,7,6,1966,3,1174.0,1200,3,6,440.0
933,2394,80.0,80,9200,4,12,0,6,6,5,1965,1,1042.0,1042,3,5,440.0
934,2395,60.0,80,8800,4,12,0,4,6,7,1964,1,845.0,2154,5,8,539.0
935,2396,20.0,60,11382,4,12,0,2,6,5,1964,1,1130.0,1374,3,7,286.0
936,2397,20.0,60,22002,0,12,0,2,6,7,1959,1,1592.0,1652,3,6,510.0
937,2398,45.0,85,12172,4,12,0,1,5,7,1940,1,822.0,908,2,4,512.0
938,2399,20.0,50,5000,4,3,0,2,3,3,1946,1,666.0,666,2,4,0.0
939,2400,50.0,51,3500,4,3,0,0,3,5,1945,1,370.0,670,2,4,0.0
940,2401,20.0,50,5175,4,3,0,2,5,8,1958,1,808.0,808,2,5,308.0
941,2402,20.0,80,9600,4,12,0,2,5,6,1955,3,1078.0,1150,2,6,288.0
942,2403,90.0,63,8668,0,12,2,2,5,5,1968,1,1560.0,1560,4,8,792.0
943,2404,85.0,60,10050,4,12,0,5,5,6,1966,1,793.0,1280,3,6,432.0
944,2405,80.0,100,9600,4,12,0,6,6,5,1961,3,1218.0,1254,3,6,525.0
945,2406,20.0,73,8760,4,12,0,2,6,7,1957,1,936.0,936,2,4,315.0
946,2407,20.0,65,6860,4,12,0,2,5,6,1956,1,1008.0,1008,3,6,308.0
947,2408,20.0,60,8250,0,12,0,2,5,7,1963,1,1053.0,1053,3,6,692.0
948,2409,20.0,70,9100,4,12,0,2,5,5,1960,3,1144.0,1144,3,6,336.0
949,2410,20.0,80,9736,4,12,0,2,6,6,1957,1,1331.0,1721,4,8,464.0
950,2411,20.0,72,9770,4,12,0,2,5,5,1957,1,922.0,922,2,5,308.0
951,2412,20.0,70,12198,4,12,0,2,5,6,1955,1,1204.0,1411,3,7,310.0
952,2413,20.0,75,10050,4,12,0,2,5,5,1955,3,1216.0,1216,3,5,336.0
953,2414,20.0,60,11556,4,12,0,2,5,9,1953,1,864.0,1154,3,6,336.0
954,2415,90.0,70,8078,4,12,2,2,5,5,1958,3,1560.0,1560,4,8,484.0
955,2416,20.0,60,10950,4,12,0,2,6,6,1952,3,948.0,948,2,5,410.0
956,2417,20.0,68,7942,4,12,0,2,6,7,1953,3,1040.0,1040,3,6,293.0
957,2418,20.0,71,8540,0,12,0,2,5,8,1956,1,925.0,925,3,5,252.0
958,2419,50.0,55,7150,4,12,0,0,4,4,1955,1,1190.0,1540,4,7,352.0
959,2420,20.0,70,8400,0,12,0,2,5,5,1955,1,923.0,925,3,5,390.0
960,2421,20.0,75,9532,4,12,0,2,4,6,1953,1,1105.0,1647,3,6,280.0
961,2422,20.0,60,15783,4,17,0,2,5,5,1952,1,924.0,924,2,6,420.0
962,2423,50.0,60,14190,4,17,0,0,4,7,1890,1,925.0,1544,3,7,0.0
963,2424,50.0,60,12099,4,12,0,0,5,6,1953,1,1216.0,1728,3,7,371.0
964,2425,70.0,113,21281,4,12,0,4,5,4,1935,1,666.0,3086,4,9,1200.0
965,2426,50.0,60,10284,0,17,0,0,4,7,1925,1,1151.0,1281,1,6,580.0
966,2427,70.0,60,10800,4,17,0,4,5,9,1895,1,736.0,1534,3,6,0.0
967,2428,80.0,93,10090,4,12,0,6,7,5,1963,1,725.0,1651,4,6,276.0
968,2429,20.0,75,8700,4,12,0,2,5,7,1961,1,920.0,888,3,5,240.0
969,2430,20.0,66,8300,4,12,0,2,6,6,1968,1,952.0,952,3,5,288.0
970,2431,20.0,60,7200,4,12,0,2,5,3,1950,1,864.0,1238,3,6,357.0
971,2432,20.0,60,7500,4,12,0,2,5,7,1959,3,1040.0,1040,3,6,286.0
972,2433,20.0,70,7315,4,12,0,2,5,6,1958,3,1170.0,1170,3,6,338.0
973,2434,20.0,70,7903,4,12,0,2,5,5,1960,3,1242.0,1242,3,6,324.0
974,2435,20.0,80,8000,4,12,0,2,5,5,1960,3,1377.0,1377,3,6,351.0
975,2436,20.0,70,7000,0,12,0,2,5,6,1961,1,0.0,925,3,7,300.0
976,2437,20.0,60,6600,4,12,0,2,5,5,1962,3,864.0,864,2,5,294.0
977,2438,85.0,66,6760,4,12,0,5,5,5,1962,1,896.0,936,3,6,288.0
978,2439,30.0,60,6978,4,17,0,2,5,7,1926,1,850.0,960,2,5,576.0
979,2440,50.0,50,6000,4,17,0,0,6,6,1927,1,845.0,1296,3,6,576.0
980,2441,30.0,56,4480,0,17,0,2,5,5,1922,1,1022.0,1022,2,4,184.0
981,2442,30.0,56,3153,4,17,0,2,5,6,1920,1,967.0,967,2,5,180.0
982,2443,30.0,60,7200,4,17,0,2,5,8,1940,1,808.0,1072,2,5,379.0
983,2444,50.0,120,9000,0,17,0,0,5,8,1900,1,680.0,1174,2,6,576.0
984,2445,50.0,50,5925,4,17,0,0,4,6,1900,1,570.0,1141,3,6,252.0
985,2446,70.0,57,9639,4,17,0,4,4,8,1900,1,1075.0,1798,4,7,342.0
986,2447,70.0,60,10337,4,17,0,4,8,9,1910,3,725.0,1772,3,7,816.0
987,2448,70.0,53,9863,4,17,0,4,6,6,1927,2,728.0,1642,4,9,374.0
988,2449,70.0,35,4571,4,17,0,4,5,7,1910,1,616.0,1232,3,6,480.0
989,2450,50.0,56,8398,4,17,0,0,6,8,1910,1,926.0,1650,3,6,468.0
990,2451,70.0,60,3600,4,17,0,4,5,7,1930,2,687.0,1358,3,6,336.0
991,2452,75.0,75,13500,0,17,0,3,7,8,1879,1,819.0,2454,3,8,576.0
992,2453,20.0,52,8626,4,17,0,2,4,6,1956,1,0.0,968,2,5,331.0
993,2454,80.0,76,11800,4,17,0,6,4,7,1949,1,0.0,1382,1,6,384.0
994,2455,40.0,55,6854,4,3,0,2,5,7,1925,1,756.0,1060,1,6,308.0
995,2456,50.0,55,8674,4,3,0,0,5,6,1950,1,910.0,1435,3,6,308.0
996,2457,50.0,50,6125,4,3,0,0,5,7,1939,1,728.0,1274,3,6,224.0
997,2458,70.0,50,6000,4,3,0,4,6,6,1939,1,600.0,1232,3,6,217.0
998,2459,45.0,51,6120,4,3,0,1,5,7,1939,1,884.0,884,2,5,240.0
999,2460,50.0,60,6240,4,3,0,0,6,5,1938,1,861.0,1409,3,6,528.0
1000,2461,50.0,52,6240,4,3,0,0,5,8,1939,1,672.0,1322,4,7,280.0
1001,2462,50.0,52,6240,4,3,0,0,5,7,1930,1,966.0,1426,3,6,230.0
1002,2463,50.0,51,6120,4,3,0,0,5,6,1926,1,756.0,1281,2,6,379.0
1003,2464,70.0,47,7755,4,17,0,4,6,8,1918,1,1100.0,2264,4,8,408.0
1004,2465,50.0,60,8850,4,3,0,0,6,7,1920,1,768.0,1376,3,7,576.0
1005,2466,50.0,60,8550,4,3,0,0,5,5,1926,1,750.0,1316,4,7,576.0
1006,2467,70.0,60,5700,0,17,0,4,7,6,1929,1,672.0,1344,3,6,456.0
1007,2468,45.0,40,5680,4,17,0,0,5,4,1901,1,592.0,1173,3,7,240.0
1008,2469,50.0,40,5680,4,17,0,0,5,3,1901,1,969.0,1214,2,6,216.0
1009,2470,80.0,120,13200,0,9,0,6,6,6,1963,1,741.0,2294,5,9,658.0
1010,2471,60.0,60,9780,4,9,0,4,7,9,1950,1,976.0,1952,4,8,299.0
1011,2472,50.0,60,10320,4,9,0,0,6,5,1915,1,1138.0,2180,3,7,720.0
1012,2473,190.0,52,4330,4,9,1,0,4,6,1958,1,808.0,1315,3,5,436.0
1013,2474,50.0,60,10320,0,9,0,0,4,1,1910,1,771.0,1484,3,6,264.0
1014,2475,70.0,107,12888,4,19,0,4,7,8,1937,1,1005.0,2267,3,7,498.0
1015,2476,190.0,59,4484,0,18,1,0,5,6,1942,1,672.0,1282,2,4,240.0
1016,2477,190.0,75,11235,4,19,1,5,5,5,1963,1,925.0,999,3,6,308.0
1017,2478,85.0,75,11235,4,19,0,5,5,5,1964,1,1420.0,1452,2,6,572.0
1018,2479,20.0,62,14299,4,19,0,2,4,3,1964,1,1005.0,1005,3,5,440.0
1019,2480,80.0,65,14149,4,19,0,6,5,8,1964,3,980.0,1020,3,5,528.0
1020,2481,20.0,60,11677,4,19,0,2,5,4,1966,1,1040.0,1040,3,6,264.0
1021,2482,190.0,70,8425,3,19,1,2,5,6,1971,1,768.0,868,2,6,576.0
1022,2483,20.0,86,8665,4,19,0,2,5,5,1968,1,876.0,897,3,5,264.0
1023,2484,20.0,60,8398,4,19,0,2,5,5,1967,1,943.0,943,2,5,528.0
1024,2485,20.0,60,8169,0,19,0,2,5,7,1966,1,912.0,912,3,6,315.0
1025,2486,20.0,81,14175,4,19,0,2,5,5,1956,3,1240.0,1375,3,6,323.0
1026,2487,60.0,99,16779,4,19,0,4,5,4,1920,1,671.0,2654,4,11,638.0
1027,2488,50.0,70,6960,4,19,0,0,7,8,1940,1,680.0,1302,2,6,224.0
1028,2489,20.0,91,11375,4,19,0,2,6,5,1954,1,967.0,1299,3,6,494.0
1029,2490,20.0,85,13770,0,19,0,2,5,6,1958,1,1158.0,1176,3,6,303.0
1030,2491,20.0,60,9000,4,19,0,2,4,7,1945,1,0.0,998,3,5,460.0
1031,2492,20.0,60,11075,0,4,0,2,6,5,1984,3,1190.0,1522,3,7,552.0
1032,2493,20.0,60,17541,0,7,0,2,5,7,1948,3,409.0,1325,3,6,576.0
1033,2494,20.0,60,22692,4,7,0,2,5,5,1953,1,1073.0,1630,3,6,649.0
1034,2495,20.0,84,17808,4,7,0,2,4,5,1946,1,484.0,1242,2,4,336.0
1035,2496,20.0,102,12671,0,4,0,2,6,7,1954,3,1288.0,2422,4,6,527.0
1036,2497,50.0,70,10512,4,7,0,0,6,6,1954,1,988.0,1626,3,6,332.0
1037,2498,20.0,60,5400,4,18,0,2,5,5,1958,1,864.0,864,3,6,399.0
1038,2499,30.0,60,11515,1,7,0,2,4,5,1958,1,0.0,943,3,5,308.0
1039,2500,120.0,39,3869,4,7,4,2,5,6,1984,1,1038.0,1038,2,5,264.0
1040,2501,20.0,58,9280,4,7,0,2,5,6,1951,1,1342.0,1342,4,7,256.0
1041,2502,50.0,60,11100,4,7,0,0,5,6,1951,1,1080.0,1480,4,7,253.0
1042,2503,50.0,50,7550,4,7,0,0,4,5,1920,2,951.0,1362,4,7,280.0
1043,2504,50.0,104,23920,4,20,0,0,6,5,1984,1,1105.0,1822,4,7,515.0
1044,2505,60.0,75,9317,4,20,0,4,7,5,1994,1,779.0,1958,3,7,499.0
1045,2506,20.0,71,9178,4,5,0,2,8,5,2007,1,1643.0,1651,3,7,870.0
1046,2507,20.0,93,10481,4,5,0,2,8,5,2006,3,2140.0,2140,3,8,894.0
1047,2508,20.0,66,10235,4,5,0,2,8,5,2007,1,1643.0,1651,3,7,870.0
1048,2509,20.0,75,11750,4,5,0,2,7,5,2005,1,1546.0,1546,3,7,796.0
1049,2510,20.0,73,8760,4,5,0,2,8,5,2006,1,1489.0,1500,3,7,674.0
1050,2511,20.0,64,7242,4,5,0,2,7,5,2005,1,1270.0,1270,2,6,524.0
1051,2512,60.0,78,9316,4,5,0,4,7,5,2005,1,879.0,1795,3,7,578.0
1052,2513,60.0,60,8883,4,20,0,4,7,5,1988,1,929.0,1873,3,7,619.0
1053,2514,20.0,155,20064,4,4,0,2,8,6,1976,5,966.0,1743,0,5,529.0
1054,2515,20.0,60,14217,1,5,0,2,5,5,1994,1,1022.0,1022,3,6,747.0
1055,2516,60.0,57,10021,4,5,0,4,6,6,1997,1,635.0,1308,3,6,497.0
1056,2517,20.0,60,8428,4,5,0,2,5,7,1994,1,990.0,990,3,5,384.0
1057,2518,20.0,70,16561,4,5,0,2,5,5,1996,1,1097.0,1097,3,6,242.0
1058,2519,60.0,47,10820,1,5,0,4,7,5,1999,1,988.0,1873,3,7,597.0
1059,2520,60.0,43,12352,1,5,0,4,7,5,1998,1,853.0,1753,3,7,534.0
1060,2521,60.0,68,9543,4,5,0,4,7,5,2001,1,845.0,1690,3,7,517.0
1061,2522,60.0,60,8826,4,5,0,4,7,5,2000,1,985.0,1842,3,7,486.0
1062,2523,20.0,97,11800,4,5,0,2,5,5,1974,1,864.0,894,3,5,440.0
1063,2524,80.0,59,8660,4,5,0,6,5,5,1976,1,1015.0,1025,3,6,370.0
1064,2525,80.0,72,9720,4,5,0,6,5,7,1977,1,995.0,1009,3,6,576.0
1065,2526,20.0,45,8982,1,5,0,2,5,5,1977,1,1040.0,1040,3,5,748.0
1066,2527,20.0,39,16300,1,5,0,2,5,4,1977,1,876.0,907,3,5,308.0
1067,2528,20.0,75,9675,0,5,0,2,5,6,1975,3,864.0,879,3,5,440.0
1068,2529,20.0,60,7200,4,5,0,2,5,5,1972,1,864.0,864,3,5,576.0
1069,2530,20.0,60,7200,4,5,0,2,4,8,1972,1,385.0,875,3,5,728.0
1070,2531,20.0,60,11354,4,5,0,2,7,5,2000,1,1673.0,1673,3,7,583.0
1071,2532,60.0,70,8749,4,5,0,4,7,5,2003,1,979.0,1932,3,7,610.0
1072,2533,60.0,65,8158,4,5,0,4,7,5,2002,1,860.0,1729,3,7,542.0
1073,2534,20.0,73,11927,4,5,0,2,8,5,1994,3,1556.0,1592,3,7,484.0
1074,2535,60.0,60,12728,4,5,0,4,8,5,2001,1,1531.0,2439,4,7,560.0
1075,2536,60.0,60,15295,0,5,0,4,7,5,1996,1,860.0,1992,3,7,608.0
1076,2537,20.0,73,17227,1,5,0,2,8,5,1999,1,1341.0,1341,1,5,482.0
1077,2538,60.0,70,8145,4,5,0,4,7,5,2007,1,738.0,1476,3,7,552.0
1078,2539,20.0,65,8769,2,5,0,2,7,5,2005,1,1169.0,1190,2,5,578.0
1079,2540,20.0,64,8334,4,5,0,2,6,5,2006,1,1330.0,1330,3,6,437.0
1080,2541,60.0,64,8333,4,5,0,4,7,5,2006,1,738.0,1491,3,7,484.0
1081,2542,60.0,64,9045,4,5,0,4,5,5,2005,1,768.0,1536,3,6,400.0
1082,2543,85.0,75,9825,4,7,0,5,5,5,1967,1,936.0,936,2,4,384.0
1083,2544,20.0,67,8308,4,7,0,2,4,6,1963,1,1088.0,1088,2,4,520.0
1084,2545,50.0,74,16287,4,7,0,0,5,6,1925,1,901.0,1351,3,7,576.0
1085,2546,20.0,80,8240,4,7,0,2,6,6,1960,3,1179.0,1179,2,5,622.0
1086,2547,80.0,65,6285,4,7,0,6,6,6,1976,1,960.0,1044,3,7,528.0
1087,2548,90.0,60,9555,1,7,2,4,5,6,1979,1,0.0,2233,5,11,579.0
1088,2549,60.0,60,7023,4,7,0,4,5,5,2005,1,734.0,1408,3,6,489.0
1089,2550,20.0,128,39290,4,7,0,2,10,5,2008,3,5095.0,5095,2,15,1154.0
1090,2551,180.0,35,3675,4,7,4,5,6,5,2005,1,547.0,1072,2,5,525.0
1091,2552,20.0,64,6400,4,7,0,2,5,7,1959,1,960.0,960,2,4,392.0
1092,2553,90.0,74,6882,0,7,2,2,4,3,1955,1,0.0,1152,2,6,0.0
1093,2554,90.0,52,8741,4,7,2,2,5,6,1946,1,1195.0,1195,4,8,0.0
1094,2555,40.0,62,10042,0,7,0,0,6,8,1920,1,660.0,865,2,4,216.0
1095,2556,20.0,60,8172,4,7,0,2,4,5,1955,1,768.0,768,2,4,355.0
1096,2557,20.0,60,8172,4,7,0,2,4,5,1955,1,864.0,864,3,5,528.0
1097,2558,90.0,60,10890,4,18,2,4,5,6,1923,3,1296.0,2592,6,12,0.0
1098,2559,30.0,54,7223,4,6,0,2,5,5,1926,3,1290.0,1422,3,6,352.0
1099,2560,50.0,51,6821,4,6,0,0,6,7,1921,1,651.0,1298,2,8,240.0
1100,2561,70.0,63,4000,4,6,0,4,7,8,1930,1,531.0,1098,2,5,216.0
1101,2562,70.0,53,6720,4,6,0,4,6,7,1921,1,585.0,1436,3,7,228.0
1102,2563,70.0,53,7155,4,6,0,4,6,8,1926,1,686.0,1461,3,6,225.0
1103,2564,70.0,60,7230,4,6,0,3,7,7,1927,1,851.0,1718,4,8,264.0
1104,2565,20.0,126,13108,4,6,0,2,5,5,1951,1,0.0,1226,2,7,400.0
1105,2566,50.0,110,7810,4,6,0,0,4,6,1930,1,930.0,1755,4,7,231.0
1106,2567,190.0,79,6221,4,6,1,0,5,5,1941,1,728.0,1355,3,5,528.0
1107,2568,20.0,60,25485,1,6,0,2,6,4,1960,1,1560.0,1560,3,6,580.0
1108,2569,20.0,60,21579,1,6,0,2,6,6,1968,3,1488.0,1488,3,7,552.0
1109,2570,160.0,24,1782,4,1,3,4,6,6,1980,1,516.0,1045,2,5,462.0
1110,2571,20.0,60,17871,4,6,0,2,4,5,1995,1,1680.0,1680,4,7,628.0
1111,2572,120.0,35,3907,4,1,4,2,8,5,1988,1,1004.0,1020,1,4,509.0
1112,2573,20.0,60,20693,0,6,0,2,7,5,1971,1,1696.0,1696,3,7,625.0
1113,2574,20.0,70,18044,1,6,0,2,8,5,1986,1,279.0,2726,2,6,691.0
1114,2575,50.0,50,7000,0,9,0,0,6,7,1940,1,720.0,1215,3,6,720.0
1115,2576,50.0,50,7288,4,9,0,0,5,7,1925,1,936.0,1601,3,6,0.0
1116,2577,70.0,50,9060,4,9,0,4,5,6,1923,1,859.0,1828,3,6,472.0
1117,2578,30.0,46,3672,4,9,0,2,5,7,1922,1,816.0,816,2,5,100.0
1118,2579,50.0,64,11067,0,9,0,0,2,4,1939,1,0.0,845,1,4,256.0
1119,2580,190.0,75,8250,4,9,1,4,5,6,1895,1,957.0,1991,4,9,0.0
1120,2581,20.0,65,6565,0,9,0,2,4,6,1957,1,1073.0,1073,3,6,720.0
1121,2582,30.0,60,6060,4,9,0,2,5,9,1930,3,837.0,1001,2,5,216.0
1122,2583,120.0,59,5568,4,6,4,2,8,5,2006,3,1573.0,1625,2,5,495.0
1123,2584,85.0,60,12150,1,11,0,5,6,6,1979,1,1001.0,1299,2,5,486.0
1124,2585,20.0,80,10000,4,11,0,2,5,5,2002,1,1441.0,1392,3,6,650.0
1125,2586,20.0,44,12864,1,11,0,2,7,5,2002,1,1409.0,1409,1,4,576.0
1126,2587,20.0,60,9928,1,11,0,2,7,5,1991,1,1454.0,1478,3,6,506.0
1127,2588,80.0,60,8750,4,11,0,6,7,6,1975,1,852.0,918,3,4,360.0
1128,2589,85.0,82,8410,0,11,0,5,6,6,1974,1,970.0,1026,2,5,528.0
1129,2590,120.0,46,4054,4,23,4,2,7,6,1987,1,1501.0,1501,2,5,512.0
1130,2591,20.0,149,19958,4,23,0,2,6,8,1958,3,585.0,2279,4,7,461.0
1131,2592,20.0,67,8368,4,23,0,2,7,5,2006,1,1689.0,1689,3,7,433.0
1132,2593,20.0,68,8298,4,23,0,2,8,5,2006,3,1546.0,1564,2,6,502.0
1133,2594,20.0,42,10331,1,23,0,2,7,7,1985,1,1265.0,1240,3,6,528.0
1134,2595,20.0,60,6718,4,23,0,2,8,5,2001,1,1267.0,1312,2,5,471.0
1135,2596,20.0,80,11305,4,23,0,2,8,5,2002,3,1922.0,1922,2,6,692.0
1136,2597,20.0,60,7777,4,23,0,2,6,5,1996,1,1491.0,1491,3,7,571.0
1137,2598,60.0,60,11800,4,23,0,4,7,5,2003,1,1122.0,2486,5,10,452.0
1138,2599,20.0,85,12633,4,23,0,2,10,5,2006,3,1824.0,1824,3,8,932.0
1139,2600,20.0,200,43500,4,11,0,2,3,5,1953,1,0.0,2034,2,9,1041.0
1140,2601,120.0,62,6710,3,11,4,5,6,5,1996,1,920.0,936,0,3,460.0
1141,2602,160.0,21,1504,4,10,3,4,4,4,1972,1,546.0,1092,3,5,253.0
1142,2603,180.0,60,1533,4,10,3,6,4,5,1970,1,530.0,992,2,4,297.0
1143,2604,160.0,21,1495,4,10,4,4,4,6,1970,1,546.0,1092,3,5,0.0
1144,2605,160.0,21,1890,4,10,3,4,4,3,1976,1,546.0,1092,3,6,286.0
1145,2606,85.0,72,9129,4,11,0,5,5,5,1977,1,923.0,1008,1,4,678.0
1146,2607,80.0,60,15957,0,11,0,6,6,6,1977,1,1244.0,1356,3,6,528.0
1147,2608,20.0,61,33983,4,11,0,2,5,6,1977,1,1160.0,1676,3,6,672.0
1148,2609,60.0,68,8286,0,11,0,4,5,7,1977,1,716.0,1432,3,6,531.0
1149,2610,85.0,50,6723,4,11,0,5,5,7,1971,1,796.0,796,2,5,0.0
1150,2611,20.0,124,27697,4,11,0,2,4,3,1961,5,1396.0,1608,3,6,444.0
1151,2612,20.0,60,11000,0,11,0,2,5,6,1976,1,1090.0,1178,3,6,502.0
1152,2613,20.0,65,11625,4,11,0,2,5,7,1983,1,816.0,816,2,4,264.0
1153,2614,20.0,62,10447,4,11,0,2,5,6,1984,1,864.0,887,3,5,288.0
1154,2615,20.0,60,11027,4,12,0,2,6,5,1954,3,1178.0,1293,2,5,452.0
1155,2616,20.0,85,10533,4,12,0,2,6,6,1956,3,1008.0,1024,2,5,313.0
1156,2617,20.0,60,11765,0,12,0,2,5,5,1957,1,1617.0,1797,3,7,963.0
1157,2618,20.0,60,39384,1,12,0,2,6,6,1957,1,1705.0,1390,1,4,550.0
1158,2619,20.0,90,11727,0,12,0,2,7,6,1969,1,1851.0,1851,3,8,506.0
1159,2620,60.0,60,8238,4,8,0,4,6,5,1997,1,813.0,1525,3,6,400.0
1160,2621,60.0,60,13041,4,8,0,4,6,5,1995,1,781.0,1671,3,7,423.0
1161,2622,60.0,54,9783,4,8,0,4,6,5,1996,1,821.0,1776,3,7,443.0
1162,2623,60.0,50,13128,1,8,0,4,8,5,2005,1,1074.0,2064,4,7,527.0
1163,2624,60.0,42,13751,1,8,0,4,7,5,2005,1,1700.0,2212,3,9,773.0
1164,2625,160.0,68,13108,4,22,0,4,8,5,1994,1,2062.0,2687,4,9,618.0
1165,2626,20.0,60,8076,4,8,0,2,6,6,1993,1,1160.0,1169,3,6,402.0
1166,2627,120.0,30,3701,4,22,4,2,8,5,1987,1,1191.0,1204,2,5,461.0
1167,2628,60.0,59,16023,1,22,0,4,9,5,2005,3,1398.0,2798,3,11,670.0
1168,2629,60.0,60,18062,1,22,0,4,10,5,2006,3,1528.0,3390,5,10,758.0
1169,2630,60.0,63,12292,1,22,0,4,9,5,2006,3,1094.0,2473,4,11,675.0
1170,2631,60.0,82,16052,1,22,0,4,10,5,2006,3,1850.0,2698,4,11,736.0
1171,2632,60.0,92,15922,0,22,0,4,9,5,2005,3,1390.0,2795,4,10,660.0
1172,2633,120.0,60,8147,4,22,4,2,9,5,2005,3,1714.0,1714,2,7,517.0
1173,2634,20.0,90,18261,4,22,0,2,9,5,2005,3,1910.0,2000,3,8,722.0
1174,2635,85.0,60,10464,3,14,0,5,6,6,1980,1,988.0,1102,2,5,582.0
1175,2636,60.0,81,10530,4,14,0,4,7,5,1978,1,945.0,1857,4,8,482.0
1176,2637,85.0,60,9927,4,14,0,5,7,5,1976,1,1047.0,1083,2,5,596.0
1177,2638,60.0,75,9512,4,21,0,4,7,5,2005,1,960.0,2318,3,8,541.0
1178,2639,80.0,81,10530,4,14,0,6,6,6,1975,1,675.0,1875,3,8,485.0
1179,2640,20.0,80,10000,4,14,0,2,6,6,1974,1,1103.0,1103,3,6,462.0
1180,2641,20.0,60,7200,4,12,0,2,4,4,1971,1,864.0,874,3,5,576.0
1181,2642,120.0,26,8773,2,12,4,2,6,5,2002,1,1487.0,1419,2,4,543.0
1182,2643,160.0,24,2760,4,2,4,4,6,5,1973,1,525.0,1092,3,6,440.0
1183,2644,160.0,24,2160,4,2,4,4,5,6,1973,1,765.0,1365,3,7,440.0
1184,2645,160.0,21,1890,4,2,3,4,6,7,1972,1,494.0,1030,3,6,264.0
1185,2646,160.0,21,1680,4,2,3,4,6,5,1972,1,483.0,948,2,5,264.0
1186,2647,160.0,21,1680,4,2,3,4,6,5,1972,1,525.0,1092,3,6,264.0
1187,2648,120.0,53,4043,4,13,4,2,6,5,1975,1,1069.0,1069,2,4,440.0
1188,2649,20.0,65,7514,4,12,0,2,5,7,1967,3,943.0,1387,3,6,300.0
1189,2650,120.0,24,2280,2,13,3,2,7,7,1976,1,1055.0,1055,2,4,319.0
1190,2651,160.0,24,2179,4,13,3,4,6,5,1976,1,855.0,1456,3,6,460.0
1191,2652,60.0,72,16387,4,16,0,4,9,5,2006,3,1738.0,2589,4,11,831.0
1192,2653,20.0,110,16163,0,16,0,2,8,5,2004,1,1618.0,1618,2,6,880.0
1193,2654,20.0,108,12228,0,16,0,2,7,5,2006,3,1721.0,1740,4,8,874.0
1194,2655,20.0,120,14780,0,16,0,2,9,5,2005,3,1868.0,1868,2,7,1085.0
1195,2656,60.0,120,13975,0,16,0,4,9,5,2005,3,1090.0,2206,4,10,670.0
1196,2657,60.0,82,9942,4,16,0,4,9,5,2005,1,1606.0,2091,3,8,521.0
1197,2658,60.0,103,12867,0,16,0,4,8,5,2005,1,1209.0,2253,3,8,575.0
1198,2659,60.0,82,10672,4,16,0,4,8,5,2006,1,1054.0,2389,4,10,672.0
1199,2660,60.0,82,11643,4,16,0,4,8,5,2005,3,1524.0,2358,4,10,784.0
1200,2661,20.0,121,13758,4,16,0,2,9,5,2005,1,1792.0,1792,2,6,925.0
1201,2662,20.0,131,14828,0,16,0,2,9,5,2004,3,1780.0,1780,2,7,816.0
1202,2663,60.0,60,13215,0,16,0,4,8,5,2004,1,1420.0,1914,3,9,746.0
1203,2664,120.0,48,5911,4,16,4,2,9,5,2005,3,1560.0,1565,2,6,556.0
1204,2665,20.0,61,7740,4,16,4,2,9,5,2006,3,1686.0,1686,1,6,899.0
1205,2666,120.0,48,6373,4,16,4,2,9,5,2006,3,1666.0,1666,2,6,575.0
1206,2667,60.0,65,10237,4,8,0,4,6,5,2005,1,728.0,1456,3,8,390.0
1207,2668,60.0,65,10237,4,8,0,4,7,5,2006,1,738.0,1492,3,8,440.0
1208,2669,20.0,102,11660,4,8,0,2,6,5,2006,1,1326.0,1326,3,6,427.0
1209,2670,60.0,96,11631,0,8,0,4,8,5,2004,1,1052.0,2373,4,9,632.0
1210,2671,60.0,75,9073,4,8,0,4,7,5,2006,1,738.0,1492,3,8,440.0
1211,2672,120.0,43,3087,4,0,4,2,7,5,2006,1,1220.0,1364,2,6,437.0
1212,2673,120.0,60,2938,4,0,4,2,7,5,2002,1,1368.0,1511,2,5,398.0
1213,2674,120.0,60,3072,4,0,4,2,7,5,2004,3,1365.0,1548,2,7,388.0
1214,2675,120.0,43,3010,4,0,4,2,7,5,2005,1,1142.0,1142,2,6,440.0
1215,2676,60.0,59,9171,4,8,0,4,7,5,2004,1,848.0,1598,3,7,433.0
1216,2677,60.0,60,8658,4,8,0,4,6,5,2000,1,982.0,1889,3,9,431.0
1217,2678,60.0,60,12104,3,8,0,4,7,5,2006,1,1035.0,2322,4,8,617.0
1218,2679,60.0,84,9660,4,15,0,4,8,5,1998,1,1044.0,1976,3,7,885.0
1219,2680,60.0,83,9545,0,15,0,4,8,5,2000,1,1160.0,2234,3,7,768.0
1220,2681,60.0,60,9233,4,15,0,4,9,5,2000,1,1540.0,2855,4,9,774.0
1221,2682,60.0,83,10019,4,15,0,4,8,5,1995,3,1342.0,2726,4,9,725.0
1222,2683,60.0,114,17242,4,15,0,4,9,5,1993,3,1733.0,3500,4,11,959.0
1223,2684,60.0,60,10236,4,15,0,4,8,5,1994,1,1290.0,2494,4,9,803.0
1224,2685,60.0,60,12585,4,15,0,4,8,5,1993,1,1286.0,2799,3,8,704.0
1225,2686,60.0,75,12447,4,21,0,4,8,5,2005,1,1100.0,1964,3,8,760.0
1226,2687,20.0,49,15218,1,21,0,2,8,5,2006,1,1670.0,1670,2,6,928.0
1227,2688,20.0,85,10936,0,21,0,2,8,5,2006,1,1504.0,1504,3,7,510.0
1228,2689,20.0,72,8640,4,21,0,2,8,5,2006,1,1278.0,1278,2,5,584.0
1229,2690,60.0,100,13162,0,21,0,4,9,5,2006,1,2036.0,2640,3,11,792.0
1230,2691,60.0,65,8125,4,21,0,4,6,5,2005,1,858.0,1716,3,7,615.0
1231,2692,20.0,74,7733,4,20,0,2,6,5,2005,1,1142.0,1142,3,5,0.0
1232,2693,20.0,91,11024,0,20,0,2,7,5,2005,1,1400.0,1400,3,6,612.0
1233,2694,20.0,63,13072,4,20,0,2,6,5,2005,1,1131.0,1131,3,6,0.0
1234,2695,60.0,65,7800,4,20,0,4,7,5,2005,1,891.0,1686,3,8,462.0
1235,2696,60.0,74,7632,4,20,0,4,7,5,2005,1,784.0,1585,3,7,449.0
1236,2697,60.0,70,8304,4,20,0,4,6,5,1997,1,941.0,1837,3,7,688.0
1237,2698,60.0,70,9370,4,20,0,4,6,5,1992,1,836.0,1731,3,7,462.0
1238,2699,120.0,50,7175,4,20,4,2,6,5,1990,1,1398.0,1398,2,5,542.0
1239,2700,120.0,50,7175,4,20,4,2,6,5,1991,1,1217.0,1217,2,5,484.0
1240,2701,60.0,60,9019,4,20,0,4,6,5,1994,1,636.0,1320,3,6,472.0
1241,2702,20.0,70,9100,4,19,0,2,5,4,1962,3,988.0,988,3,6,624.0
1242,2703,90.0,68,8927,4,19,2,0,6,6,1977,1,0.0,1654,4,10,528.0
1243,2704,20.0,60,9240,4,19,0,2,5,6,1962,3,864.0,1211,2,6,576.0
1244,2705,20.0,60,9308,1,19,0,2,5,5,1965,1,984.0,984,3,5,310.0
1245,2706,20.0,65,8450,4,19,0,2,5,6,1968,1,882.0,909,3,5,294.0
1246,2707,20.0,60,8638,4,19,0,2,5,6,1963,1,925.0,925,2,5,484.0
1247,2708,20.0,60,13052,1,19,0,2,5,6,1965,1,1024.0,1024,3,5,308.0
1248,2709,20.0,60,8020,4,19,0,2,5,6,1964,1,912.0,912,3,6,0.0
1249,2710,20.0,60,8789,4,19,0,2,5,6,1967,1,912.0,941,3,6,288.0
1250,2711,80.0,100,14330,0,24,0,6,7,4,1974,1,1748.0,2646,3,9,550.0
1251,2712,60.0,105,11025,4,15,0,4,8,5,1992,1,1334.0,2826,3,9,888.0
1252,2713,120.0,34,3628,4,21,4,2,7,5,2004,1,1143.0,1143,1,5,588.0
1253,2714,160.0,24,2544,4,21,3,4,7,5,2005,1,600.0,1223,2,4,480.0
1254,2715,160.0,60,2998,4,21,4,4,6,5,2000,1,756.0,1524,2,4,440.0
1255,2716,160.0,60,4447,2,21,4,4,7,5,2003,1,530.0,1080,2,4,496.0
1256,2717,60.0,114,8314,0,21,0,4,7,5,1997,3,569.0,1694,3,6,434.0
1257,2718,20.0,60,7180,4,21,0,2,8,5,2001,1,1568.0,1568,3,6,564.0
1258,2719,190.0,79,13110,0,14,1,2,5,6,1972,1,1153.0,1193,2,6,501.0
1259,2720,20.0,78,10140,4,14,0,2,7,6,1967,3,1334.0,1334,3,7,477.0
1260,2721,20.0,80,9600,0,12,0,2,5,5,1968,1,1051.0,1051,3,6,504.0
1261,2722,60.0,72,8640,4,12,0,4,5,5,1968,1,900.0,1770,4,7,530.0
1262,2723,20.0,78,9360,4,12,0,2,6,7,1968,3,976.0,976,2,4,504.0
1263,2724,85.0,70,8400,4,12,0,5,5,6,1968,1,833.0,898,3,6,326.0
1264,2725,20.0,60,9759,4,12,0,2,5,5,1966,1,1051.0,1051,3,6,264.0
1265,2726,80.0,80,9600,4,12,0,6,5,7,1967,1,1141.0,1141,3,6,568.0
1266,2727,190.0,80,8800,4,12,1,2,6,7,1965,3,1187.0,1565,3,7,299.0
1267,2728,20.0,60,10368,1,12,0,2,6,6,1964,3,1008.0,1488,3,7,430.0
1268,2729,60.0,85,9350,4,12,0,4,5,6,1964,1,720.0,1440,4,7,480.0
1269,2730,20.0,80,10800,4,12,0,2,5,7,1960,3,1248.0,1248,3,6,286.0
1270,2731,30.0,60,8550,4,12,0,2,6,8,1934,1,816.0,816,2,4,240.0
1271,2732,20.0,68,9724,4,12,0,2,5,7,1947,3,938.0,1043,2,5,273.0
1272,2733,20.0,80,9600,4,12,0,2,5,6,1961,1,1251.0,1433,3,7,441.0
1273,2734,20.0,89,10858,0,12,0,2,5,6,1952,1,1444.0,1624,2,6,240.0
1274,2735,20.0,80,9600,4,12,0,2,5,5,1951,1,1056.0,1216,3,7,280.0
1275,2736,60.0,79,9462,4,12,0,4,5,6,1949,1,704.0,1728,3,7,234.0
1276,2737,20.0,82,9888,4,12,0,2,5,6,1954,1,936.0,936,2,5,240.0
1277,2738,90.0,60,8917,4,12,2,2,5,5,1967,1,1584.0,1584,4,8,506.0
1278,2739,80.0,60,12700,4,12,0,6,6,5,1964,1,1246.0,1246,3,6,441.0
1279,2740,20.0,109,9723,0,12,0,2,6,7,1963,3,1008.0,1008,2,5,430.0
1280,2741,20.0,70,8400,0,12,0,2,5,5,1957,1,1179.0,1364,3,6,331.0
1281,2742,20.0,60,9610,0,12,0,2,6,6,1958,3,1121.0,1336,3,7,488.0
1282,2743,80.0,125,10000,0,12,0,6,5,6,1956,3,1058.0,1370,3,6,300.0
1283,2744,20.0,72,10152,4,12,0,2,6,6,1956,1,1124.0,1124,3,6,353.0
1284,2745,20.0,70,8092,4,12,0,2,6,8,1954,3,1050.0,1050,3,6,286.0
1285,2746,20.0,66,12778,4,12,0,2,5,6,1952,1,1008.0,1008,2,4,280.0
1286,2747,20.0,75,10170,0,12,0,2,6,6,1951,3,216.0,1575,2,5,400.0
1287,2748,80.0,55,7700,4,12,0,6,5,7,1956,1,301.0,1145,3,6,684.0
1288,2749,20.0,65,11050,4,12,0,2,5,5,1956,3,1005.0,1005,2,6,319.0
1289,2750,20.0,80,13600,4,12,0,2,5,6,1955,1,1056.0,1056,3,6,300.0
1290,2751,20.0,85,15428,4,12,0,2,5,6,1951,3,884.0,884,2,4,270.0
1291,2752,30.0,118,21299,4,12,0,2,7,5,1941,3,929.0,2039,3,7,791.0
1292,2753,20.0,70,13300,4,12,0,2,5,5,1956,3,1015.0,1384,2,6,896.0
1293,2754,190.0,94,22136,4,17,1,0,5,5,1925,1,2171.0,2640,5,10,1008.0
1294,2755,50.0,50,7500,4,12,0,0,6,6,1947,1,784.0,1312,3,6,649.0
1295,2756,30.0,60,10410,4,17,0,2,3,8,1930,1,713.0,713,2,5,371.0
1296,2757,30.0,60,10914,4,12,0,2,3,3,1929,3,715.0,715,2,4,660.0
1297,2758,50.0,60,7008,0,17,0,0,4,8,1900,1,448.0,720,1,5,280.0
1298,2759,70.0,60,7200,4,17,0,4,6,8,1915,1,663.0,1595,3,7,528.0
1299,2760,50.0,60,10818,4,17,0,0,4,4,1910,1,1077.0,1760,4,7,648.0
1300,2761,80.0,83,10184,4,12,0,6,6,5,1963,1,1083.0,1146,3,6,294.0
1301,2762,20.0,77,9510,4,12,0,2,6,5,1962,1,1135.0,1207,3,6,264.0
1302,2763,20.0,80,10800,4,12,0,2,6,6,1961,1,1313.0,1773,3,6,418.0
1303,2764,20.0,86,11650,0,12,0,2,7,5,1959,3,0.0,1472,2,5,484.0
1304,2765,60.0,60,18275,4,12,0,4,7,8,1962,1,1438.0,2448,3,9,441.0
1305,2766,50.0,60,12144,4,12,0,0,4,6,1950,1,910.0,1521,3,6,597.0
1306,2767,90.0,60,8544,0,12,2,2,3,4,1950,1,0.0,1040,2,6,400.0
1307,2768,90.0,75,8512,0,12,2,2,5,5,1960,3,1556.0,1556,4,8,0.0
1308,2769,20.0,70,7000,4,12,0,2,5,4,1961,3,1150.0,1150,3,6,288.0
1309,2770,20.0,74,7400,0,12,0,2,7,6,1962,1,1045.0,1045,3,6,528.0
1310,2771,20.0,70,7000,4,12,0,2,5,6,1962,1,864.0,864,3,5,336.0
1311,2772,190.0,70,7000,4,12,1,5,5,5,1962,1,1025.0,1025,3,6,0.0
1312,2773,70.0,62,9856,0,17,0,4,5,8,1900,3,716.0,2014,5,8,624.0
1313,2774,50.0,60,9600,4,17,0,0,5,6,1948,1,1212.0,1668,3,6,240.0
1314,2775,50.0,60,5520,0,17,0,0,4,6,1920,1,1147.0,1657,4,9,162.0
1315,2776,50.0,60,9600,4,17,0,0,6,8,1900,1,780.0,1416,3,7,400.0
1316,2777,70.0,58,6451,4,17,0,4,7,7,1900,1,712.0,1428,4,7,576.0
1317,2778,70.0,66,3960,4,17,0,4,7,8,1930,1,502.0,1004,2,5,200.0
1318,2779,190.0,56,7745,4,17,1,0,4,6,1900,1,938.0,1951,4,9,576.0
1319,2780,30.0,56,7741,4,17,0,2,6,5,1924,1,1032.0,1032,2,5,280.0
1320,2781,30.0,50,5633,4,17,0,2,5,7,1925,1,844.0,844,2,5,216.0
1321,2782,20.0,60,7200,4,17,0,2,4,5,1950,1,576.0,864,2,5,528.0
1322,2783,70.0,42,7614,4,17,0,4,3,5,1905,1,738.0,1376,2,7,216.0
1323,2784,190.0,50,6000,4,17,1,2,5,7,1955,3,960.0,960,3,5,576.0
1324,2785,50.0,50,6000,4,17,0,0,5,7,1924,1,816.0,1566,5,7,450.0
1325,2786,30.0,52,7830,4,17,0,2,3,5,1921,1,492.0,492,1,3,200.0
1326,2787,50.0,56,9576,4,17,0,0,6,7,1945,1,770.0,1182,3,5,378.0
1327,2788,30.0,48,5747,4,17,0,2,3,4,1920,1,798.0,840,2,5,250.0
1328,2789,75.0,70,6300,0,17,0,3,7,6,1910,1,1226.0,2104,5,9,432.0
1329,2790,90.0,33,5976,4,17,2,4,5,7,1920,3,624.0,1248,2,8,0.0
1330,2791,20.0,65,9750,4,17,0,2,5,5,1958,3,960.0,960,3,5,624.0
1331,2792,50.0,63,4761,0,9,0,1,3,3,1918,1,1020.0,1020,2,5,0.0
1332,2793,70.0,69,11737,4,3,0,4,6,7,1924,2,848.0,1827,2,9,240.0
1333,2794,50.0,51,6120,4,3,0,0,3,5,1930,1,728.0,1162,3,6,258.0
1334,2795,50.0,51,6120,4,3,0,0,5,7,1930,1,741.0,1324,3,7,180.0
1335,2796,30.0,50,11672,4,3,0,2,5,5,1925,1,816.0,816,2,4,210.0
1336,2797,50.0,90,33120,4,17,0,0,6,5,1962,1,1595.0,2486,5,8,576.0
1337,2798,50.0,60,10320,4,9,0,0,4,5,1924,1,596.0,1430,3,7,370.0
1338,2799,70.0,60,7518,3,9,0,4,5,8,1910,1,396.0,1330,3,7,390.0
1339,2800,30.0,50,9000,4,9,0,2,5,4,1919,1,610.0,819,2,4,0.0
1340,2801,30.0,60,7200,0,9,0,2,6,6,1930,1,984.0,984,3,6,308.0
1341,2802,50.0,82,12375,4,19,0,0,5,5,1951,1,806.0,1422,3,7,288.0
1342,2803,90.0,120,11136,0,19,2,2,6,5,1964,1,1921.0,1921,4,8,576.0
1343,2804,20.0,100,21370,2,19,0,2,5,5,1950,1,0.0,1640,3,7,394.0
1344,2805,30.0,55,8250,4,7,0,2,5,7,1935,1,0.0,1032,2,6,260.0
1345,2806,30.0,50,5220,4,18,0,2,5,3,1936,1,830.0,879,2,4,180.0
1346,2807,20.0,50,5500,4,18,0,2,7,5,2004,5,1073.0,1073,2,4,246.0
1347,2808,20.0,60,11327,4,19,0,2,5,6,1967,3,1064.0,1064,3,6,528.0
1348,2809,80.0,80,10366,0,19,0,6,6,7,1964,1,912.0,934,2,4,336.0
1349,2810,20.0,75,9000,0,19,0,2,5,6,1966,1,1059.0,1059,3,6,286.0
1350,2811,20.0,60,9535,4,19,0,2,5,5,1967,1,1176.0,1458,3,7,512.0
1351,2812,80.0,60,7176,1,19,0,6,6,6,1978,1,960.0,1040,3,6,616.0
1352,2813,90.0,60,9662,4,19,2,2,5,4,1977,1,1967.0,1967,6,10,580.0
1353,2814,90.0,75,8235,4,19,2,2,5,4,1977,1,1949.0,1949,6,10,586.0
1354,2815,30.0,60,17529,4,19,0,2,5,5,1924,1,872.0,872,2,5,322.0
1355,2816,20.0,60,20355,4,4,0,2,7,6,1967,1,1865.0,1830,2,6,521.0
1356,2817,20.0,87,13050,4,4,0,2,5,6,1963,0,1000.0,1000,1,4,575.0
1357,2818,85.0,72,10820,0,19,0,5,5,7,1971,1,782.0,810,2,4,576.0
1358,2819,150.0,60,1700,4,4,3,0,7,5,1980,1,430.0,1700,2,7,450.0
1359,2820,20.0,75,9375,0,7,0,2,4,5,1954,1,967.0,1350,3,6,504.0
1360,2821,50.0,62,6488,4,7,0,0,5,5,1942,1,799.0,1150,3,6,215.0
1361,2822,70.0,114,19950,0,7,0,4,6,7,1928,1,672.0,2009,4,8,795.0
1362,2823,75.0,60,19800,4,7,0,3,6,8,1935,1,1836.0,3672,5,7,836.0
1363,2824,80.0,78,11679,4,7,0,6,5,5,1962,1,1776.0,1560,3,6,528.0
1364,2825,20.0,80,12048,4,7,0,2,5,6,1952,1,0.0,1488,3,7,569.0
1365,2826,20.0,70,10519,4,7,0,2,5,8,1955,3,1057.0,1057,3,6,288.0
1366,2827,50.0,75,9525,4,7,0,0,6,5,1953,1,1000.0,1609,5,7,305.0
1367,2828,60.0,88,12128,4,20,0,4,6,4,1989,1,868.0,2559,4,9,506.0
1368,2829,90.0,73,9069,4,20,2,5,6,8,1993,1,1344.0,1440,2,8,920.0
1369,2830,60.0,133,11003,4,5,0,4,7,5,2005,1,1308.0,1876,3,7,848.0
1370,2831,20.0,64,7488,4,5,0,2,7,5,2005,1,1208.0,1208,2,6,632.0
1371,2832,20.0,90,13377,0,5,0,2,6,5,2006,3,1836.0,1846,3,7,495.0
1372,2833,20.0,78,11645,4,5,0,2,8,5,2005,3,1570.0,1590,2,6,754.0
1373,2834,60.0,91,10984,0,5,0,4,7,5,2005,1,945.0,1809,3,8,638.0
1374,2835,20.0,78,9316,4,5,0,2,7,5,2005,1,1614.0,1614,3,7,576.0
1375,2836,60.0,78,9316,4,5,0,4,7,5,2005,1,784.0,1596,3,6,610.0
1376,2837,20.0,80,12000,4,4,0,2,6,5,1968,1,1388.0,1388,3,6,522.0
1377,2838,20.0,95,13015,0,5,0,2,5,6,1996,1,1100.0,1100,3,5,462.0
1378,2839,60.0,65,12438,4,5,0,4,6,5,1995,1,781.0,1499,3,6,473.0
1379,2840,20.0,60,8685,1,5,0,2,7,5,1998,1,1425.0,1425,3,5,591.0
1380,2841,60.0,68,9272,4,5,0,4,7,5,1999,1,842.0,1749,3,7,515.0
1381,2842,60.0,72,13426,0,5,0,4,7,5,1999,1,951.0,1779,3,7,586.0
1382,2843,60.0,50,8340,4,5,0,4,6,6,1977,1,675.0,1388,3,6,317.0
1383,2844,80.0,42,10385,1,5,0,6,6,6,1978,1,995.0,1282,3,6,672.0
1384,2845,20.0,60,7200,4,5,0,2,5,8,1972,1,864.0,864,3,5,297.0
1385,2846,60.0,60,9930,4,5,0,4,7,5,2002,1,826.0,1762,3,6,591.0
1386,2847,60.0,45,9468,1,5,0,4,6,5,1999,1,840.0,1755,3,7,530.0
1387,2848,20.0,60,11088,0,5,0,2,8,5,2002,3,1348.0,1358,1,5,418.0
1388,2849,60.0,70,8726,4,5,0,4,7,5,2002,1,872.0,1909,4,8,529.0
1389,2850,60.0,67,10566,4,5,0,4,8,5,1999,1,1090.0,2214,3,8,646.0
1390,2851,60.0,60,21533,2,5,0,4,7,5,1996,1,1065.0,2049,4,9,467.0
1391,2852,60.0,90,11250,0,5,0,4,7,5,1998,1,1054.0,1939,3,8,555.0
1392,2853,60.0,90,11250,0,5,0,4,7,5,1995,1,930.0,1995,4,8,610.0
1393,2854,120.0,37,4435,4,5,4,2,6,5,2003,1,848.0,848,1,4,420.0
1394,2855,20.0,70,8810,4,5,0,2,7,5,2003,1,1390.0,1390,3,7,545.0
1395,2856,60.0,74,8581,4,5,0,4,7,5,2006,1,851.0,1737,3,7,578.0
1396,2857,60.0,70,8400,4,5,0,4,7,5,2005,1,784.0,1611,3,6,572.0
1397,2858,20.0,65,8772,2,5,0,2,7,5,2005,1,1336.0,1336,3,6,502.0
1398,2859,70.0,67,8777,4,7,0,4,4,6,1910,1,676.0,1436,3,6,528.0
1399,2860,90.0,38,7840,1,7,2,5,6,5,1975,0,976.0,1012,4,4,0.0
1400,2861,20.0,73,16133,4,7,0,2,5,4,1969,1,1176.0,1176,2,5,360.0
1401,2862,60.0,62,7162,4,7,0,4,7,5,2003,3,796.0,1724,3,8,616.0
1402,2863,20.0,75,8050,4,7,0,2,6,5,2002,1,914.0,914,2,4,0.0
1403,2864,60.0,90,11060,0,7,0,4,7,5,2003,1,1150.0,2314,3,9,502.0
1404,2865,180.0,35,3675,4,7,4,5,6,5,2005,1,547.0,1072,2,5,525.0
1405,2866,160.0,24,2522,4,7,3,4,7,5,2004,1,970.0,1709,3,7,380.0
1406,2867,50.0,56,6956,4,7,0,0,4,7,1948,1,624.0,936,3,5,265.0
1407,2868,50.0,72,7822,0,7,0,0,6,3,1915,1,832.0,1338,3,7,528.0
1408,2869,50.0,62,8707,2,7,0,0,4,5,1924,1,1093.0,1669,4,9,288.0
1409,2870,20.0,60,16012,4,7,0,2,4,4,1954,3,954.0,1482,3,6,609.0
1410,2871,50.0,45,8248,4,7,0,0,4,4,1922,1,864.0,1414,3,8,0.0
1411,2872,30.0,60,8088,4,7,0,2,2,3,1922,1,498.0,498,1,3,216.0
1412,2873,50.0,76,11388,4,7,0,0,4,7,1910,1,616.0,1273,3,5,275.0
1413,2874,50.0,60,10890,4,18,0,0,5,5,1938,1,1058.0,1551,3,6,240.0
1414,2875,190.0,58,6430,0,18,1,0,6,6,1945,1,780.0,1340,3,6,440.0
1415,2876,70.0,43,7000,4,18,0,4,7,8,1926,1,624.0,1479,3,6,312.0
1416,2877,70.0,69,4899,0,18,0,4,6,8,1920,1,755.0,1510,3,6,216.0
1417,2878,70.0,54,9399,4,6,0,3,7,8,1919,1,818.0,1636,4,7,288.0
1418,2879,50.0,84,10164,4,18,0,0,5,5,1939,1,992.0,1465,3,6,240.0
1419,2880,50.0,51,6191,0,18,0,0,5,4,1941,1,824.0,1288,4,6,240.0
1420,2881,50.0,66,21780,4,6,0,4,6,5,1920,1,817.0,1550,3,7,318.0
1421,2882,50.0,80,12400,4,6,0,0,5,6,1940,1,901.0,1717,2,7,410.0
1422,2883,50.0,81,8170,4,6,0,0,7,7,1929,1,1022.0,1671,4,7,451.0
1423,2884,70.0,70,12320,4,6,0,4,7,7,1932,1,637.0,1609,3,8,579.0
1424,2885,70.0,70,14210,4,6,0,4,6,7,1930,1,697.0,1801,3,8,365.0
1425,2886,60.0,78,15600,4,6,0,4,5,7,1950,1,1168.0,2315,4,9,342.0
1426,2887,30.0,50,7288,4,9,0,2,5,6,1942,1,976.0,976,2,5,215.0
1427,2888,50.0,50,7000,4,9,0,0,6,7,1926,3,861.0,1285,3,6,506.0
1428,2889,30.0,61,8534,4,9,0,2,4,4,1925,1,432.0,672,2,4,0.0
1429,2890,30.0,50,7030,4,9,0,2,4,6,1925,1,641.0,641,2,4,272.0
1430,2891,50.0,75,9060,4,9,0,0,6,5,1957,1,967.0,1638,4,6,384.0
1431,2892,30.0,69,12366,4,9,0,2,3,5,1945,1,0.0,729,2,5,0.0
1432,2893,190.0,50,9000,4,9,1,0,5,6,1951,1,660.0,1396,4,8,0.0
1433,2894,50.0,60,8520,4,9,0,0,3,5,1916,1,216.0,936,2,6,0.0
1434,2895,120.0,41,5748,4,6,4,2,8,5,2005,3,1573.0,1778,2,5,495.0
1435,2896,120.0,44,3842,4,6,4,2,8,5,2004,3,1594.0,1646,2,5,525.0
1436,2897,20.0,69,23580,4,11,0,2,6,6,1979,1,1625.0,1625,3,6,576.0
1437,2898,90.0,65,8385,4,11,2,2,6,5,1978,1,1664.0,1664,4,10,616.0
1438,2899,20.0,70,9116,0,11,0,2,8,5,2001,3,1491.0,1491,3,7,490.0
1439,2900,80.0,140,11080,0,11,0,6,6,6,1975,1,1128.0,1210,3,6,528.0
1440,2901,20.0,60,50102,4,23,0,2,6,5,1958,1,1632.0,1650,2,6,518.0
1441,2902,20.0,60,8098,4,23,0,2,6,5,2000,1,1381.0,1403,2,5,470.0
1442,2903,20.0,95,13618,0,23,0,2,8,5,2005,1,1728.0,1960,3,8,714.0
1443,2904,20.0,88,11577,4,23,0,2,9,5,2005,3,1838.0,1838,3,9,682.0
1444,2905,20.0,125,31250,4,11,0,2,1,3,1951,1,0.0,1600,3,6,270.0
1445,2906,90.0,78,7020,4,11,2,5,7,5,1997,1,1288.0,1368,2,8,784.0
1446,2907,160.0,41,2665,4,10,4,4,5,6,1977,1,264.0,1304,3,5,336.0
1447,2908,20.0,58,10172,4,11,0,2,5,7,1968,1,864.0,874,3,5,288.0
1448,2909,90.0,60,11836,0,11,2,2,5,5,1970,1,1652.0,1652,4,8,928.0
1449,2910,180.0,21,1470,4,10,3,5,4,6,1970,1,630.0,630,1,3,0.0
1450,2911,160.0,21,1484,4,10,4,4,4,4,1972,1,546.0,1092,3,5,253.0
1451,2912,20.0,80,13384,4,11,0,2,5,5,1969,1,1104.0,1360,3,8,336.0
1452,2913,160.0,21,1533,4,10,3,4,4,5,1970,1,546.0,1092,3,5,286.0
1453,2914,160.0,21,1526,4,10,3,4,4,5,1970,1,546.0,1092,3,5,0.0
1454,2915,160.0,21,1936,4,10,3,4,4,7,1970,1,546.0,1092,3,5,0.0
1455,2916,160.0,21,1894,4,10,4,4,4,5,1970,1,546.0,1092,3,6,286.0
1456,2917,20.0,160,20000,4,11,0,2,5,7,1960,1,1224.0,1224,4,7,576.0
1457,2918,85.0,62,10441,4,11,0,5,5,5,1992,1,912.0,970,3,6,0.0
1458,2919,60.0,74,9627,4,11,0,4,7,5,1993,1,996.0,2000,3,9,650.0
